0.64662194,-1.4783934,0.71276855,0.04109755,0.03819892,-0.70922923,0.70274156,-0.44721523,0.16914979,0.164144,0.8127273,0.0,-0.06845349,-0.08448291,-0.00059453835,-0.45349148,0.29408866,0.0,-0.30317718,0.1354641,0.27881002,0.37834373,-0.2963826,1.1353126,0.22443962,-0.61126584,0.12226569,0.7559344
0.64557445,-1.4832004,0.7128315,0.048939727,0.03720445,-0.71109045,0.7004078,-0.5434721,0.1793609,0.16013607,0.94824934,0.0,0.008903254,-0.09413483,-0.015393812,-0.4443355,0.30635437,0.0,-0.3145787,0.13782778,0.2885471,0.36440435,-0.3648931,1.1281768,0.22592022,-0.59464556,0.14073355,0.75028765
0.6455045,-1.4890223,0.71354944,0.05833037,0.035725877,-0.711519,0.6993297,-0.61923224,0.18429352,0.17275901,1.0344148,0.0,0.054760367,-0.09557037,-0.03168168,-0.43859828,0.30094457,0.0,-0.31842858,0.1462191,0.2968561,0.3444122,-0.39668483,1.0966829,0.2333457,-0.58208776,0.1647116,0.74543315
0.64732283,-1.4950863,0.7139476,0.06660033,0.03502094,-0.7126128,0.69751054,-0.6825545,0.1660071,0.15317947,1.0650403,0.0,0.032978494,-0.09774679,-0.048876856,-0.43183246,0.29880378,0.0,-0.32191494,0.1630152,0.30710152,0.32661617,-0.39494142,1.0693572,0.24765907,-0.56906295,0.18766494,0.7412216
0.6497842,-1.5021715,0.7131901,0.072403565,0.035248976,-0.7146277,0.6948543,-0.7278035,0.14732982,0.12855446,1.034654,0.0,0.020273335,-0.10184446,-0.06424475,-0.42163172,0.3092673,0.0,-0.33255085,0.18132281,0.31317097,0.32404065,-0.39174974,1.0544617,0.2621596,-0.54576814,0.21024866,0.74292094
0.65281606,-1.5106887,0.7122864,0.078937,0.036642894,-0.71721226,0.69139916,-0.746085,0.14027682,0.13199337,0.9373093,0.0,0.027049262,-0.10771758,-0.07976552,-0.4079374,0.3197238,0.0,-0.34387326,0.18902619,0.30956715,0.33007634,-0.39665043,1.0612764,0.2687873,-0.5118732,0.22411123,0.7524993
0.65656585,-1.5213059,0.7101317,0.08479236,0.039433762,-0.7193838,0.68828934,-0.7437476,0.13732171,0.14682011,0.79168653,0.0,0.0475476,-0.110151984,-0.09312147,-0.39574718,0.32966784,0.0,-0.35857448,0.18168905,0.29879057,0.3539149,-0.42709783,1.0800503,0.27170098,-0.47729087,0.23476805,0.7690182
0.66108644,-1.5337957,0.7077988,0.09071185,0.04103865,-0.7215147,0.68520343,-0.71168345,0.12902309,0.17509836,0.5958946,0.0,0.07441369,-0.1042209,-0.10895973,-0.38570383,0.3329303,0.0,-0.3730848,0.16694857,0.29602528,0.39186174,-0.4643213,1.0852115,0.2755997,-0.44855353,0.24291869,0.79240274
0.6661521,-1.548328,0.7046149,0.09686179,0.044153754,-0.72442234,0.6810878,-0.67931783,0.11455547,0.20113704,0.40016267,0.0,0.10073076,-0.09581664,-0.12302456,-0.37222868,0.33129436,0.0,-0.38992554,0.15594918,0.30231845,0.44027266,-0.48885575,1.0663803,0.2809741,-0.4285012,0.25472206,0.81357294
0.67096895,-1.5636442,0.7014991,0.1034009,0.047017824,-0.72743535,0.67670923,-0.6530718,0.091608465,0.2143498,0.22695866,0.0,0.10740972,-0.08638925,-0.1380512,-0.35770142,0.3291536,0.0,-0.4079041,0.1466952,0.31678975,0.49384242,-0.4829282,1.0262855,0.28942344,-0.41385964,0.2669592,0.83244675
0.6749714,-1.5789361,0.6981297,0.11110104,0.052199453,-0.72992384,0.6724158,-0.66453516,0.06426515,0.21807623,0.13210635,0.0,0.08354829,-0.08388151,-0.15014726,-0.34259766,0.32909206,0.0,-0.4251377,0.14259979,0.3309471,0.54915255,-0.46529374,0.97478306,0.29994652,-0.4084897,0.2843518,0.84865904
0.6790731,-1.5928723,0.69340014,0.11645569,0.059399046,-0.7271537,0.6739119,-0.6999046,0.030060288,0.21314944,0.10145691,0.0,0.075460635,-0.08542153,-0.1569598,-0.34015486,0.3455455,0.0,-0.45126444,0.1313761,0.3653076,0.623416,-0.42565185,0.8896232,0.3110313,-0.40426955,0.3014719,0.86423314
0.68406254,-1.6046205,0.68848413,0.120788865,0.06924172,-0.72284114,0.67684287,-0.7339404,0.0026752704,0.09679733,0.10399364,0.0,0.1468483,-0.100629054,-0.16121362,-0.33629867,0.3778215,0.0,-0.47288775,0.12190199,0.39832345,0.700119,-0.38498098,0.79993796,0.31688493,-0.39789394,0.31949168,0.885924
0.6897067,-1.6156178,0.6842934,0.12563491,0.08079956,-0.7213234,0.6762987,-0.7671431,-0.014005807,0.012268319,0.12579669,0.0,0.23765768,-0.12847379,-0.16602805,-0.32303736,0.41678968,0.0,-0.48425445,0.11617524,0.42080808,0.76952636,-0.35561588,0.7173622,0.31197053,-0.39546815,0.34921214,0.9098612
0.69588083,-1.6249405,0.681463,0.12746331,0.092124484,-0.724879,0.6706837,-0.8013221,-0.005106891,0.01929953,0.1598926,0.0,0.31029317,-0.1835437,-0.17446153,-0.2887304,0.4984438,0.0,-0.4747328,0.12382713,0.46587712,0.8488366,-0.30825713,0.615525,0.30066875,-0.39767164,0.3840089,0.93273836
0.70319474,-1.63492,0.68119764,0.12885164,0.10033575,-0.7320855,0.66134775,-0.8427634,0.005235084,0.02582977,0.23887542,0.0,0.29949257,-0.27402046,-0.1992254,-0.26165998,0.63980395,0.0,-0.41535172,0.13579693,0.52717924,0.91817915,-0.2468623,0.5074185,0.29399908,-0.41298524,0.41484523,0.9393932
0.7124803,-1.6469959,0.6827456,0.13105959,0.11039459,-0.74448967,0.6452686,-0.89256555,0.024658086,0.037016872,0.34395212,0.0,0.23296586,-0.39882228,-0.23529342,-0.26638088,0.8180624,0.0,-0.33138722,0.15745534,0.5902804,0.98542976,-0.1869625,0.41723847,0.29170713,-0.4388585,0.43583328,0.9161911
0.72582227,-1.6644071,0.68864787,0.13522352,0.12776779,-0.7558614,0.6277448,-0.921734,0.04448405,0.05555104,0.39958864,0.0,0.17593457,-0.5153143,-0.2764029,-0.35313642,0.9540995,0.0,-0.23323853,0.17790589,0.62160355,1.0396407,-0.14841543,0.35940436,0.2766777,-0.46188292,0.44641468,0.86890745
0.7366296,-1.6727749,0.688329,0.13554737,0.15212011,-0.7681098,0.6070368,-0.99913424,0.08632389,0.05580685,0.4926741,0.0,0.11488147,-0.6789528,-0.24491659,-0.35602388,1.1075755,0.0,-0.2197958,0.22609112,0.7108962,1.1478902,-0.04366784,0.26711422,0.2774897,-0.4824641,0.41522974,0.7770275
0.74388826,-1.6797664,0.6852333,0.14073287,0.17525573,-0.77415407,0.5917475,-1.080317,0.113675386,0.044657752,0.5700834,0.0,0.06688344,-0.84811604,-0.1516095,-0.31995836,1.213526,0.0,-0.20700432,0.25621766,0.7894935,1.2611674,0.042126425,0.20596656,0.27737138,-0.506644,0.36851066,0.68260884
0.7461926,-1.6845489,0.6777537,0.15168981,0.19386193,-0.77398586,0.58339834,-1.1725885,0.121164575,0.021656739,0.6525658,0.0,0.026676647,-1.0104384,-0.029314587,-0.29015866,1.2658062,0.0,-0.19905414,0.26611522,0.8242312,1.3494105,0.09314713,0.18349567,0.28327414,-0.54343355,0.31724355,0.5842105
0.74554896,-1.6893717,0.6670805,0.16881356,0.2088676,-0.76798487,0.58144265,-1.2688862,0.10620691,-0.0039830017,0.7367386,0.0,-0.010997002,-1.1628486,0.08695146,-0.274255,1.2602144,0.0,-0.18766844,0.24959461,0.8152289,1.4039323,0.1111096,0.1910825,0.29020533,-0.5974242,0.27116525,0.49104244
0.7430289,-1.6935337,0.651813,0.19505948,0.22221808,-0.75508153,0.585169,-1.3789188,0.06412795,-0.026107647,0.827382,0.0,-0.047564935,-1.3283968,0.19859001,-0.22950701,1.2126155,0.0,-0.17171922,0.19775712,0.75789195,1.4168419,0.10209513,0.21369044,0.30279416,-0.66396487,0.21942566,0.39315847
0.7431916,-1.6976105,0.6338674,0.22511125,0.22857217,-0.7300121,0.6034584,-1.4714302,-0.02183963,-0.035464857,0.90725625,0.0,-0.07669132,-1.4843874,0.261,-0.14673103,1.1378331,0.0,-0.15407144,0.10611905,0.6769965,1.404394,0.08634745,0.23307683,0.30453026,-0.7269491,0.18258567,0.31356117
0.743767,-1.7013475,0.6144851,0.25818935,0.22936842,-0.69316834,0.63265,-1.5418884,-0.1415382,-0.031271763,0.9616446,0.0,-0.086836345,-1.6319349,0.261,-0.054139268,1.0872983,0.0,-0.16215113,-0.015572259,0.6029482,1.3993438,0.09046867,0.22589009,0.30188975,-0.78203183,0.14906074,0.2537566
0.742125,-1.7071322,0.59571767,0.2815009,0.23491248,-0.6677625,0.6478168,-1.6187708,-0.21263768,-0.029279625,1.0359958,0.0,-0.11071534,-1.7320268,0.261,-0.00036339977,1.0513053,0.0,-0.1698641,-0.081895664,0.5639993,1.4152036,0.12496208,0.19210261,0.2884279,-0.81653064,0.13189626,0.2273708
0.7396734,-1.7129394,0.57230365,0.30019057,0.24160042,-0.64910364,0.6558806,-1.7156683,-0.25937173,-0.02197627,1.1480128,0.0,-0.15142241,-1.8209689,0.261,0.018733874,1.0792185,0.0,-0.16096103,-0.11693806,0.5455871,1.4272896,0.19099821,0.14263919,0.27716613,-0.8460289,0.10463752,0.21504886
0.736315,-1.7309021,0.5460845,0.31353888,0.2576736,-0.637947,0.6544626,-1.8270637,-0.2609769,-0.021396069,1.3047298,0.0,-0.23660195,-1.9111794,0.261,-0.036676757,1.1977639,0.0,-0.19088589,-0.122522384,0.5292644,1.4214436,0.25554696,0.089174114,0.23290814,-0.8138782,0.083818674,0.23112935
0.7331533,-1.7286727,0.51629174,0.31536835,0.24960753,-0.63993955,0.6547643,-1.9143267,-0.26074874,-0.002067136,1.4489716,0.0,-0.2770098,-1.9878411,0.261,-0.107235596,1.3143703,0.0,-0.19606315,-0.10716238,0.5562716,1.448182,0.28239113,0.07139928,0.23856036,-0.85910165,0.065830134,0.29896516
0.7289829,-1.7313364,0.49011707,0.32000336,0.25625375,-0.63823736,0.65160185,-2.0142744,-0.26015234,-0.0062305774,1.5754374,0.0,-0.31612998,-2.0740857,0.261,-0.15893602,1.4196717,0.0,-0.22045113,-0.08449697,0.5832057,1.4878429,0.29631868,0.067337275,0.21389292,-0.8552341,0.046833225,0.37279934
0.72600067,-1.7336507,0.46529463,0.32358783,0.26158765,-0.63990676,0.6460512,-2.107194,-0.24450752,-0.0037724194,1.6922984,0.0,-0.34969047,-2.1470077,0.26084903,-0.20994711,1.5088626,0.0,-0.23894198,-0.058762636,0.63115335,1.5444077,0.29786408,0.08384493,0.17282546,-0.8348156,0.03374351,0.47397044
0.7303881,-1.7376199,0.44320354,0.3186192,0.26562425,-0.6412028,0.6455885,-2.178931,-0.23054232,0.004777951,1.8035036,0.0,-0.38324845,-2.207316,0.23956645,-0.23650748,1.6023936,0.0,-0.2617223,-0.027912855,0.70563823,1.6222564,0.29582796,0.11056909,0.12853304,-0.796672,0.035232086,0.6025461
0.73654413,-1.7410501,0.4237048,0.3091112,0.26354668,-0.6381774,0.65400535,-2.224175,-0.2226551,0.025810508,1.8961838,0.0,-0.4039845,-2.259523,0.19556361,-0.23838809,1.6989989,0.0,-0.28670678,0.0018260422,0.81412476,1.7196833,0.30768943,0.13640575,0.09647609,-0.74765235,0.046946473,0.7306649
0.74191177,-1.7437677,0.40505096,0.29486114,0.25061557,-0.63178766,0.6716346,-2.2399848,-0.22238056,0.051284317,1.9785991,0.0,-0.41535398,-2.303114,0.12927139,-0.21732281,1.8060548,0.0,-0.31624162,0.038334303,0.9573845,1.8365057,0.3473436,0.16711614,0.098175876,-0.7094187,0.08320019,0.84137243
0.74597263,-1.744987,0.38608235,0.27799916,0.22492865,-0.6191986,0.6990827,-2.2295768,-0.23699667,0.08419167,2.0506408,0.0,-0.4151248,-2.3534071,0.04451892,-0.16087262,1.9264745,0.0,-0.3454937,0.09475018,1.1535238,2.011168,0.4206935,0.20606613,0.13569003,-0.6755566,0.13522728,0.91123563
0.7480629,-1.7467339,0.36496356,0.26108027,0.18509044,-0.6018432,0.73168534,-2.198779,-0.26099908,0.123170465,2.123032,0.0,-0.41425973,-2.4229681,-0.04147875,-0.059982926,2.0655067,0.0,-0.37564304,0.12255004,1.3348994,2.159522,0.4683192,0.262056,0.18524487,-0.65466094,0.073388904,0.9829019
0.748279,-1.751518,0.33937815,0.24603198,0.13366611,-0.5895297,0.7576651,-2.1576948,-0.261,0.16931997,2.214589,0.0,-0.43614507,-2.510337,-0.08889391,0.069437444,2.2193544,0.0,-0.4015374,0.08175906,1.457018,2.2006383,0.47547492,0.30232057,0.23930167,-0.68785536,-0.094773926,1.0095607
0.7467441,-1.7551588,0.31741205,0.22797205,0.08606543,-0.57702243,0.77952975,-2.1158545,-0.261,0.20574713,2.2922275,0.0,-0.45447508,-2.582874,-0.114399955,0.18342286,2.3432395,0.0,-0.40829486,-0.024066743,1.4982352,2.1423452,0.46287268,0.2920911,0.3060122,-0.6595038,-0.20540039,0.9386236
0.74220896,-1.7443773,0.31083027,0.20773886,0.0468563,-0.5716891,0.7923513,-2.0668395,-0.261,0.23144154,2.2984068,0.0,-0.42067435,-2.5786655,-0.12085242,0.22598258,2.356,0.0,-0.35345772,-0.05520331,1.4862039,2.0894575,0.4568816,0.24176651,0.4182478,-0.6855631,-0.2641328,0.83608943
0.7370682,-1.7337482,0.30717495,0.185264,0.0057575433,-0.5700701,0.80041504,-2.002498,-0.261,0.24258085,2.2999685,0.0,-0.39621535,-2.5519278,-0.13571166,0.25541696,2.356,0.0,-0.29010478,-0.12835263,1.4182881,1.9527957,0.4326168,0.16570516,0.51187515,-0.71116537,-0.3378229,0.74731797
0.7347052,-1.7275482,0.30698672,0.16632168,-0.030248784,-0.56506974,0.8075384,-1.9290568,-0.261,0.258516,2.2970173,0.0,-0.38857538,-2.5474484,-0.19638991,0.2886203,2.356,0.0,-0.23302718,-0.22147624,1.2939178,1.7797967,0.36996597,0.089410275,0.57974464,-0.74370986,-0.39124775,0.6760407
0.7373421,-1.7251495,0.31090742,0.15238233,-0.06564112,-0.55731297,0.81355584,-1.8380206,-0.261,0.29322165,2.2869613,0.0,-0.39515916,-2.5896275,-0.30210766,0.35281405,2.356,0.0,-0.17588373,-0.31513426,1.1384623,1.6057998,0.2707565,0.022637611,0.64552754,-0.7948385,-0.41751415,0.6085623
0.73438305,-1.7237985,0.31338462,0.14200008,-0.103465155,-0.55389994,0.813834,-1.7545621,-0.261,0.31747666,2.2800243,0.0,-0.40578145,-2.6167023,-0.40155378,0.3905084,2.356,0.0,-0.15792838,-0.39229292,0.9636293,1.4211017,0.14715488,-0.01593575,0.7256543,-0.8705914,-0.43825987,0.5380074
0.7151576,-1.7205372,0.29764912,0.15096259,-0.13802879,-0.556668,0.80515784,-1.7574062,-0.261,0.31840476,2.2987921,0.0,-0.39826748,-2.600485,-0.37575758,0.2911129,2.356,0.0,-0.1555609,-0.45578805,0.77381927,1.228524,0.009486494,0.0014018138,0.8081025,-0.9741191,-0.48258308,0.45134392
0.6942657,-1.7200339,0.27769113,0.16961204,-0.17184137,-0.56231904,0.7908853,-1.7798756,-0.261,0.3123282,2.31795,0.0,-0.38879752,-2.5647328,-0.285164,0.19411138,2.356,0.0,-0.17370382,-0.5106221,0.57272416,1.0500349,-0.1465751,0.08309992,0.8810872,-1.0916746,-0.5519137,0.35868713
0.6839267,-1.7188156,0.27328077,0.17739557,-0.20502949,-0.5636129,0.7802783,-1.7431546,-0.261,0.31477293,2.3152487,0.0,-0.3920659,-2.5723395,-0.29611328,0.1959394,2.356,0.0,-0.15097733,-0.5681208,0.41512904,0.91868675,-0.3110006,0.20578855,0.94935447,-1.1957058,-0.6181377,0.2797957
0.67155665,-1.7159504,0.2705065,0.17324464,-0.23673937,-0.56321853,0.7724802,-1.7020432,-0.261,0.30219135,2.3089507,0.0,-0.35792315,-2.5514526,-0.3385877,0.19031857,2.356,0.0,-0.13596825,-0.62562436,0.29392046,0.79581803,-0.47543648,0.35406157,1.0034156,-1.2772498,-0.66708475,0.21457395
0.65685326,-1.7147206,0.26388618,0.16149513,-0.2703883,-0.5618683,0.7649271,-1.6630824,-0.261,0.27302343,2.3114872,0.0,-0.29792473,-2.4938996,-0.3562878,0.17840093,2.356,0.0,-0.1537861,-0.6632825,0.18527119,0.6495939,-0.6348342,0.53268915,1.0519457,-1.3486704,-0.6905347,0.17654908
0.6349371,-1.7169205,0.25600615,0.14727993,-0.3061768,-0.5515611,0.76180357,-1.6182734,-0.261,0.2247183,2.3159077,0.0,-0.23394704,-2.404874,-0.3599945,0.17643632,2.356,0.0,-0.22072409,-0.6877149,0.07614071,0.47051993,-0.77693397,0.7301521,1.1052599,-1.4113104,-0.71641785,0.16927335
0.61775887,-1.7199321,0.24895489,0.12615159,-0.34114137,-0.5411872,0.758172,-1.563597,-0.261,0.18765512,2.322654,0.0,-0.19485141,-2.3097172,-0.36241382,0.18680142,2.356,0.0,-0.2760147,-0.6926664,0.009475953,0.2867567,-0.86463356,0.9147772,1.1289947,-1.4286633,-0.7243797,0.17504226
0.6005861,-1.7257564,0.2399134,0.100370385,-0.3670114,-0.5217119,0.76357394,-1.5388248,-0.261,0.13544267,2.3143005,0.0,-0.14728971,-2.2280557,-0.39699015,0.19772892,2.356,0.0,-0.34737226,-0.7161786,-0.01618836,0.17501177,-0.88070655,1.0394344,1.1461372,-1.4348809,-0.7190914,0.17150685
0.5877866,-1.7343739,0.23340003,0.07344736,-0.38626677,-0.49739867,0.77330333,-1.5188291,-0.261,0.094044134,2.257366,0.0,-0.09724781,-2.1833727,-0.45729738,0.23015693,2.356,0.0,-0.4140438,-0.74749583,-0.038095843,0.14527906,-0.8997013,1.1025835,1.1594511,-1.4357972,-0.7114469,0.1536463
0.5819676,-1.7446711,0.2314733,0.034718823,-0.4028205,-0.46459574,0.78783315,-1.487727,-0.26099926,0.08334874,2.1739154,0.0,-0.0805313,-2.15417,-0.5613189,0.29551846,2.356,0.0,-0.46828076,-0.79309225,-0.048572663,0.13344908,-0.93132955,1.1425399,1.1722331,-1.4195158,-0.69634175,0.13246953
0.5839952,-1.7549051,0.22986534,-0.012370793,-0.42425406,-0.43414167,0.794592,-1.4312172,-0.26099998,0.09860331,2.0901594,0.0,-0.07728085,-2.1104436,-0.66073245,0.35828888,2.356,0.0,-0.492865,-0.8368078,-0.03651289,0.11439252,-0.953199,1.1865823,1.202862,-1.4146714,-0.6706095,0.11446164
0.5882036,-1.7623397,0.22702965,-0.053977508,-0.45027995,-0.41328293,0.7896402,-1.3613923,-0.261,0.12225689,2.000065,0.0,-0.083939455,-2.0376894,-0.73154724,0.38138342,2.3372734,0.0,-0.5341908,-0.8512692,-0.013220821,0.08573103,-0.9473675,1.2287626,1.2504721,-1.430738,-0.6451286,0.115574405
0.5985331,-1.7611533,0.22856997,-0.08456023,-0.4792239,-0.4165118,0.76792705,-1.272304,-0.261,0.14757022,1.8924007,0.0,-0.10083025,-1.9479598,-0.76950437,0.36956465,2.2710764,0.0,-0.535362,-0.8104145,0.013508426,0.060454063,-0.922777,1.257161,1.3072286,-1.4570322,-0.6232621,0.12809558
0.6105232,-1.7549809,0.2344847,-0.10743101,-0.5119541,-0.43365994,0.7336897,-1.1536738,-0.261,0.15248752,1.7653643,0.0,-0.12334666,-1.8381519,-0.81265384,0.31475815,2.1719205,0.0,-0.48858726,-0.7385696,0.04709499,0.04090066,-0.8970577,1.2675275,1.3806481,-1.498224,-0.6049633,0.15311387
0.61635625,-1.7458792,0.23514079,-0.121591106,-0.54400635,-0.44952908,0.6979945,-1.0444608,-0.261,0.14003013,1.6166475,0.0,-0.11639234,-1.7080612,-0.85370475,0.19377294,2.0507996,0.0,-0.43229327,-0.668417,0.07426869,0.037288487,-0.8718911,1.258353,1.4441481,-1.5424699,-0.5965956,0.1794168
0.61242884,-1.7304283,0.22098495,-0.13169432,-0.57112235,-0.4516922,0.6726441,-0.95628536,-0.261,0.12277657,1.4215243,0.0,-0.059807345,-1.5550143,-0.86234695,0.009026457,1.8991342,0.0,-0.38070524,-0.620662,0.085691355,0.044784524,-0.8483275,1.2332038,1.4840153,-1.5810876,-0.5969395,0.21220712
0.6032263,-1.7151871,0.19380581,-0.14835232,-0.58922285,-0.4391284,0.6617963,-0.8802775,-0.261,0.1046727,1.1952174,0.0,0.021866696,-1.3896685,-0.83536613,-0.18056576,1.7375877,0.0,-0.34676823,-0.60059243,0.085961044,0.06930188,-0.82329,1.1968915,1.497672,-1.6040285,-0.5896773,0.2420682
0.5958456,-1.710636,0.17081591,-0.17680268,-0.5999988,-0.41895625,0.65819293,-0.8013539,-0.2607805,0.09317275,0.99874145,0.0,0.07029179,-1.2520977,-0.80602944,-0.29099402,1.6165036,0.0,-0.32399783,-0.61083096,0.088036105,0.111388646,-0.809489,1.1601828,1.5079162,-1.6191425,-0.57348883,0.25567544
0.59297335,-1.7100027,0.15738516,-0.2065943,-0.612659,-0.40344772,0.6474548,-0.70698446,-0.254836,0.081565216,0.8392154,0.0,0.081338264,-1.1195644,-0.782113,-0.35501364,1.5185682,0.0,-0.31788537,-0.61653525,0.10419633,0.16058528,-0.80045056,1.1199193,1.5349844,-1.6398869,-0.550965,0.26091456
0.59404296,-1.7099105,0.15013339,-0.23557936,-0.62582004,-0.39016974,0.6329449,-0.6076807,-0.24751945,0.06900495,0.70688397,0.0,0.07340597,-0.99726963,-0.7804434,-0.40112635,1.4421213,0.0,-0.33068147,-0.62231493,0.12233151,0.21641257,-0.80173814,1.0784345,1.5678968,-1.6653905,-0.52680194,0.26669043
0.59692585,-1.7101597,0.14499539,-0.26070002,-0.6374302,-0.37601265,0.61994576,-0.52927274,-0.2490687,0.039797284,0.6174896,0.0,0.060765613,-0.8988195,-0.7893233,-0.42738926,1.3798704,0.0,-0.33610672,-0.6235105,0.13176,0.27029765,-0.80569583,1.036598,1.5904441,-1.6930344,-0.4900022,0.28200567
0.6002987,-1.7109162,0.1393227,-0.28390667,-0.6482565,-0.36081636,0.6074307,-0.45863506,-0.24445295,0.0176616,0.5522801,0.0,0.053789683,-0.80086166,-0.80475926,-0.4558522,1.3276898,0.0,-0.33405498,-0.6120788,0.14297321,0.32302418,-0.80956656,0.9969152,1.61368,-1.7335908,-0.42728195,0.32649243
0.6036019,-1.7117981,0.1339014,-0.3020989,-0.65671366,-0.3468772,0.59761155,-0.39815804,-0.2352533,0.016051468,0.5017521,0.0,0.04728354,-0.70710546,-0.82463586,-0.4899441,1.2841198,0.0,-0.33410674,-0.58082503,0.15772478,0.36924493,-0.80325913,0.9583623,1.6082973,-1.7528137,-0.35646164,0.36200845
0.60614306,-1.7119104,0.12860976,-0.316803,-0.6618577,-0.33596295,0.590516,-0.34700972,-0.21945982,0.025276871,0.46201438,0.0,0.04557419,-0.62059075,-0.83545107,-0.5067176,1.2496055,0.0,-0.32945457,-0.5415795,0.18267815,0.41595924,-0.798046,0.9169368,1.5570296,-1.7330593,-0.28648293,0.3688731
0.6076923,-1.7123507,0.12365228,-0.3296974,-0.65888774,-0.32927275,0.59054726,-0.31232363,-0.19818299,0.039851107,0.42604226,0.0,0.03859039,-0.54390824,-0.8305625,-0.49577865,1.2312027,0.0,-0.3164177,-0.4962991,0.21354504,0.46932554,-0.78883904,0.8812286,1.5200055,-1.7123984,-0.2334128,0.35290393
0.6089651,-1.7125555,0.120098785,-0.3411072,-0.6503403,-0.32828978,0.5940784,-0.2896495,-0.16861495,0.06089368,0.39357662,0.0,0.034938026,-0.4444421,-0.818997,-0.50504804,1.2184763,0.0,-0.31479082,-0.4281551,0.2617191,0.5336135,-0.7653129,0.84263057,1.4470614,-1.6479934,-0.1621514,0.31859908
0.62196654,-1.7119262,0.11943458,-0.32964757,-0.64664435,-0.33875608,0.5986885,-0.28748557,-0.16298324,0.14187185,0.38127607,0.0,0.009549712,-0.45476353,-0.9431818,-0.63403535,1.2308639,0.0,-0.26364258,-0.34789246,0.28965962,0.54512465,-0.7366876,0.85447747,1.3812,-1.6171558,-0.15695412,0.2954413
0.63543445,-1.7108321,0.12000278,-0.3161088,-0.642399,-0.3491194,0.6045779,-0.2801275,-0.16646568,0.23557314,0.35946965,0.0,-0.029236585,-0.47051448,-1.0330056,-0.75100625,1.2355824,0.0,-0.24955593,-0.2713448,0.32657748,0.5704694,-0.7150075,0.86608213,1.2951398,-1.5907967,-0.14866659,0.28701687
0.6237442,-1.7081306,0.10993616,-0.32524943,-0.61894214,-0.38494202,0.60244757,-0.28543496,-0.06062173,0.2851756,0.29146904,0.0,-0.01719062,-0.43671972,-0.8917935,-0.85134035,1.1801108,0.0,-0.2085915,-0.14236255,0.43543226,0.7525913,-0.67568296,0.79828423,1.1036935,-1.4639143,-0.020190991,0.27609637
0.61966145,-1.7066056,0.101597056,-0.34173012,-0.6021177,-0.40869474,0.59467924,-0.27689174,0.028844336,0.31838292,0.26960784,0.0,-0.024869565,-0.42238736,-0.7669694,-0.8681424,1.1241328,0.0,-0.13798282,-0.032210484,0.49149284,0.8603988,-0.6549249,0.8324779,0.9514321,-1.3170048,0.050916832,0.33561075
0.6182178,-1.7040786,0.094384,-0.3530099,-0.5927404,-0.42333752,0.5872207,-0.25125638,0.089548595,0.35633418,0.25567827,0.0,-0.027517786,-0.40275303,-0.68091226,-0.8926192,1.065574,0.0,-0.08444374,0.03186157,0.48395935,0.88321006,-0.63865715,0.9811818,0.81952786,-1.207778,0.08051332,0.44762212
0.61836505,-1.7006401,0.08715604,-0.35982955,-0.58616906,-0.4341162,0.5817832,-0.21584906,0.128582,0.40355155,0.23938848,0.0,-0.035669588,-0.3738795,-0.6253948,-0.95117164,1.0049549,0.0,-0.03997871,0.08586895,0.4081387,0.88515985,-0.6262648,1.1080512,0.70005244,-1.1183366,0.07866168,0.6034594
0.6185614,-1.6972866,0.079937905,-0.36669087,-0.57793456,-0.4420763,0.5797396,-0.18551648,0.15747093,0.4437652,0.22915784,0.0,-0.04517562,-0.33020893,-0.5864675,-1.0519669,0.9452303,0.0,-0.004074933,0.11021821,0.31922093,0.8892967,-0.59082615,1.1308776,0.59417117,-1.0651138,0.054891117,0.7629796
0.6166834,-1.6949157,0.07342921,-0.3756794,-0.56733614,-0.4484329,0.57957107,-0.16594425,0.19280483,0.50754267,0.2202529,0.0,-0.044223618,-0.2884418,-0.5417531,-1.1505097,0.88860935,0.0,0.024065057,0.09292994,0.28474957,0.90617174,-0.52350354,1.1239923,0.4910645,-1.0345832,0.010659208,0.90630364
0.6126298,-1.6920141,0.06914514,-0.38425204,-0.5589947,-0.45523477,0.5767466,-0.15368877,0.2316194,0.5775243,0.178825,0.0,-0.078527,-0.24942558,-0.4812614,-1.2273431,0.81917644,0.0,0.062037468,0.079343066,0.27054426,0.9320249,-0.42707828,1.1103436,0.3967552,-1.0081935,-0.037098132,1.0566602
0.61085397,-1.6907831,0.0666662,-0.3910594,-0.5556993,-0.45895073,0.57239413,-0.14004938,0.26433733,0.6567957,0.1651924,0.0,-0.069797724,-0.22836229,-0.4392748,-1.2566806,0.7734629,0.0,0.09339908,0.06846622,0.26955625,0.9454017,-0.32260337,1.1072468,0.3166796,-0.99768823,-0.1007836,1.2024549
0.61102057,-1.6903505,0.063559905,-0.39281917,-0.5538027,-0.46175545,0.57076925,-0.15030645,0.29071745,0.7177552,0.18650052,0.0,-0.059022184,-0.23332182,-0.41719317,-1.2576467,0.74845546,0.0,0.11260604,0.06321461,0.26690316,0.950123,-0.22389911,1.1038984,0.2466919,-1.0132277,-0.16592425,1.3023119
0.61178035,-1.6909192,0.058260467,-0.39082366,-0.5510739,-0.46381167,0.5731083,-0.18572296,0.30732727,0.7289291,0.22267276,0.0,-0.062742256,-0.25714517,-0.41638353,-1.2552364,0.74946517,0.0,0.11646144,0.058156386,0.25496578,0.946308,-0.13879845,1.1134623,0.19829236,-1.033263,-0.26554176,1.3226784
0.61248183,-1.6923591,0.054877423,-0.3829768,-0.5530728,-0.46869206,0.57250935,-0.20948549,0.31704968,0.72636706,0.2600576,0.0,-0.07515946,-0.29029036,-0.43160236,-1.2342365,0.77564734,0.0,0.10832638,0.06979567,0.24044111,0.9405205,-0.07482777,1.1451409,0.17382887,-1.044549,-0.36581734,1.3134118
0.61219233,-1.6940647,0.055103865,-0.37201995,-0.5604313,-0.4746996,0.5676074,-0.20849353,0.319696,0.72392076,0.28940314,0.0,-0.090080455,-0.3180438,-0.45224634,-1.1998618,0.8124056,0.0,0.09106495,0.09515793,0.22973025,0.9377784,-0.03284917,1.1935738,0.1613202,-1.0523098,-0.44325995,1.297951
0.6115915,-1.6959801,0.056999177,-0.36250782,-0.56889695,-0.4791651,0.561556,-0.19993323,0.31531322,0.6989608,0.31187946,0.0,-0.1051874,-0.3375267,-0.47143704,-1.1644602,0.84749216,0.0,0.073565885,0.12334972,0.2161474,0.9428131,-0.014696182,1.2516595,0.16029014,-1.0579836,-0.49471742,1.2903103
0.6103859,-1.6977025,0.059752263,-0.35793954,-0.5747687,-0.4811764,0.556767,-0.19788402,0.3064159,0.64200795,0.33202624,0.0,-0.116722204,-0.34270418,-0.48189837,-1.1414188,0.8706289,0.0,0.06213841,0.14181717,0.2066468,0.9590187,-0.024567066,1.3082975,0.17078546,-1.0583843,-0.51844156,1.2886955
0.6087223,-1.6994891,0.063651025,-0.3564729,-0.5787366,-0.4817251,0.55311114,-0.21645014,0.29857582,0.5521878,0.37598473,0.0,-0.11490457,-0.3362916,-0.4881695,-1.1303676,0.88776505,0.0,0.050645404,0.15244241,0.20335405,0.9814331,-0.058398977,1.3642745,0.1895962,-1.0594383,-0.52322656,1.2947183
0.6061694,-1.7002826,0.067946374,-0.3594076,-0.5801999,-0.48174003,0.5496552,-0.25314718,0.29192442,0.43383467,0.4387807,0.0,-0.095885046,-0.3128901,-0.4799477,-1.1357287,0.88658386,0.0,0.044270016,0.15814842,0.20545341,1.001826,-0.057209194,1.3936925,0.21114473,-1.0523949,-0.52341855,1.3086522
0.6033018,-1.7001946,0.072014764,-0.3624727,-0.5817214,-0.48183718,0.5459365,-0.3053041,0.27597743,0.30539733,0.5245122,0.0,-0.049139887,-0.2879394,-0.46599504,-1.1405295,0.87588495,0.0,0.042509772,0.16559699,0.2118907,1.0182593,-0.021957548,1.388979,0.23171476,-1.044695,-0.5226426,1.3190798
0.60093963,-1.6996429,0.076242656,-0.36378014,-0.5850444,-0.48182836,0.5415058,-0.35809544,0.24205711,0.18424723,0.62084997,0.0,0.020042116,-0.26595914,-0.45526865,-1.1382995,0.8645464,0.0,0.041781493,0.17484386,0.22588392,1.0294559,-0.017594606,1.3695071,0.25429106,-1.0408839,-0.51734114,1.3244826
0.59926915,-1.6981771,0.0800685,-0.36234477,-0.59086204,-0.48187646,0.53608155,-0.4019507,0.19533634,0.08741997,0.72003394,0.0,0.08885093,-0.24971165,-0.44857934,-1.1260253,0.8513498,0.0,0.04337323,0.18889278,0.23745055,1.0350059,-0.045022614,1.3404332,0.28079286,-1.0447298,-0.5121035,1.321423
0.5978028,-1.6957991,0.082956195,-0.3596836,-0.5975317,-0.48157436,0.53072566,-0.44319773,0.13365932,-0.0064142593,0.8295276,0.0,0.14912966,-0.23538409,-0.44511384,-1.1126707,0.8379138,0.0,0.040811293,0.20569865,0.23752624,1.0331899,-0.087898985,1.3030097,0.3073359,-1.0507723,-0.508967,1.3143874
0.5967656,-1.692806,0.08380127,-0.3559276,-0.60372883,-0.4810414,0.52671266,-0.48098165,0.056418944,-0.102992296,0.94624335,0.0,0.18759492,-0.22956504,-0.44605315,-1.0979226,0.828776,0.0,0.029072959,0.22282796,0.22513911,1.034131,-0.119162835,1.2430607,0.32842702,-1.0570264,-0.5108805,1.3073756
0.5967682,-1.6893291,0.0837217,-0.35184774,-0.6093299,-0.48237085,0.52176493,-0.49757448,-0.029597629,-0.19706558,1.0378766,0.0,0.19210184,-0.23030959,-0.44324538,-1.0777922,0.8188586,0.0,0.017562333,0.24413629,0.2026753,1.0364596,-0.1293833,1.1624897,0.34495163,-1.0583973,-0.51782733,1.2988137
0.59656745,-1.6870084,0.08257344,-0.34513018,-0.61626,-0.4849165,0.5157177,-0.49138767,-0.11660458,-0.28838843,1.0771681,0.0,0.08450681,-0.24529693,-0.44486427,-1.0423514,0.8218972,0.0,0.007916015,0.27096394,0.16143338,1.0453502,-0.1457706,1.0436579,0.35319197,-1.0612324,-0.52929306,1.2907224
0.5947783,-1.691106,0.085242435,-0.33434027,-0.6230731,-0.49321344,0.50669223,-0.4793443,-0.15990621,-0.33103853,1.1134864,0.0,0.042773187,-0.27784106,-0.45453656,-0.98607296,0.8680546,0.0,-0.012238039,0.27891022,0.18112135,1.0844259,-0.14972238,0.8846915,0.33456695,-1.0685657,-0.54313666,1.2651181
0.58949935,-1.6978707,0.08928062,-0.31959474,-0.6335637,-0.50541764,0.49092692,-0.45369193,-0.14962773,-0.31182703,1.127578,0.0,0.023525676,-0.30646974,-0.45983705,-0.93071693,0.9241732,0.0,-0.038697395,0.27909094,0.20532687,1.1270269,-0.11553383,0.71855825,0.2741234,-1.0620334,-0.5546665,1.2259396
0.5822406,-1.7043848,0.09362668,-0.30211398,-0.6454854,-0.52131355,0.46936968,-0.41718012,-0.11722092,-0.2703396,1.1324289,0.0,0.009176079,-0.328705,-0.45246428,-0.8785106,0.9685953,0.0,-0.065517515,0.26968658,0.19527899,1.1713033,-0.07499498,0.5669737,0.1779215,-1.0297694,-0.5745066,1.1518602
0.5742825,-1.7101898,0.09809734,-0.28277475,-0.6560986,-0.53893167,0.4462351,-0.38414106,-0.09437042,-0.23332334,1.1501157,0.0,-0.044177987,-0.35424313,-0.43160692,-0.8155887,1.0021069,0.0,-0.089572586,0.23877308,0.15175013,1.2032481,-0.028136848,0.42531443,0.060736895,-0.9655972,-0.60751194,1.0374298
0.56460416,-1.7151773,0.10318124,-0.26411888,-0.6629704,-0.55610645,0.42597774,-0.35783046,-0.08215266,-0.20126632,1.1729057,0.0,-0.11095665,-0.3727439,-0.39784452,-0.75762194,1.0182328,0.0,-0.10115193,0.18531817,0.093640536,1.2220395,0.01849622,0.29104435,-0.031491194,-0.86665815,-0.63481504,0.88055885
0.55358684,-1.7202817,0.10806018,-0.24475326,-0.6677021,-0.57286394,0.40754965,-0.33586842,-0.07323266,-0.16624989,1.1941344,0.0,-0.1756267,-0.38919622,-0.35252848,-0.6960139,1.024045,0.0,-0.10334675,0.12715961,0.011881975,1.2078106,0.05873924,0.15087232,-0.073885605,-0.75418615,-0.63794506,0.7001441
0.5409701,-1.7247748,0.11173539,-0.22418053,-0.671886,-0.58808684,0.390469,-0.31134883,-0.06166019,-0.12350158,1.2002395,0.0,-0.22179975,-0.40194014,-0.30268016,-0.6369844,1.0206624,0.0,-0.108242214,0.062165473,-0.08095141,1.1588247,0.08323539,0.024935624,-0.10272825,-0.64658296,-0.6076222,0.5173514
0.5269191,-1.7282013,0.11485183,-0.19834907,-0.6787064,-0.6016701,0.3714947,-0.2695283,-0.059401628,-0.080985464,1.1756356,0.0,-0.25016114,-0.4103799,-0.26089048,-0.58149624,1.0104951,0.0,-0.117071584,0.0037787205,-0.18535608,1.0748228,0.07749834,-0.08704706,-0.12815467,-0.55652505,-0.5405237,0.35011598
0.51108986,-1.730302,0.11709055,-0.16714162,-0.68811077,-0.6135831,0.34940383,-0.21364224,-0.065067984,-0.02977669,1.1257377,0.0,-0.2765239,-0.41268215,-0.22671036,-0.5304292,0.99128956,0.0,-0.12358757,-0.0575828,-0.29095843,0.9641078,0.040204648,-0.1722472,-0.15829058,-0.47935247,-0.44321945,0.20464152
0.49473703,-1.7325951,0.1178599,-0.13131873,-0.6982158,-0.62458956,0.32424998,-0.15639493,-0.07592621,0.033020984,1.0691428,0.0,-0.31361133,-0.4209242,-0.19455606,-0.47026667,0.97401226,0.0,-0.1258802,-0.10421069,-0.39012924,0.850588,-0.0110798795,-0.22554086,-0.19241367,-0.42152962,-0.34551278,0.08320367
0.480164,-1.7354012,0.115126744,-0.0933673,-0.7096596,-0.6334786,0.293889,-0.10224677,-0.10477071,0.091688216,1.0137995,0.0,-0.34644997,-0.43232518,-0.16300136,-0.3973305,0.961399,0.0,-0.129907,-0.15000428,-0.4710487,0.77347124,-0.06880902,-0.23264256,-0.22497827,-0.3793234,-0.24285378,-0.033974476
0.46741125,-1.7384648,0.11428401,-0.060809538,-0.716789,-0.6422939,0.26452655,-0.055144574,-0.13844575,0.12940902,0.9634814,0.0,-0.36212945,-0.43426043,-0.12770405,-0.32311353,0.9448193,0.0,-0.1294307,-0.20857258,-0.5344794,0.7163235,-0.14527404,-0.20372593,-0.26017553,-0.3452668,-0.13169579,-0.15367678
0.45493022,-1.7411276,0.115281016,-0.03437125,-0.7201884,-0.64918095,0.24230428,-0.023771022,-0.16106975,0.16933255,0.9252851,0.0,-0.3521895,-0.42664,-0.09287708,-0.25558326,0.91573536,0.0,-0.11964223,-0.29704985,-0.5746153,0.6736318,-0.2116723,-0.17259999,-0.29742107,-0.3387314,-0.011715216,-0.28804195
0.44224465,-1.7424518,0.11606926,-0.009907138,-0.7227274,-0.6519779,0.22911072,-0.014610609,-0.1583485,0.24632692,0.9088701,0.0,-0.3444136,-0.42384392,-0.06299904,-0.1888237,0.8745685,0.0,-0.1042582,-0.39243904,-0.5923504,0.643459,-0.25679675,-0.17111072,-0.35948238,-0.3349637,0.07684738,-0.34899992
0.4295342,-1.7437774,0.11848605,0.02057002,-0.7235042,-0.654567,0.21831296,-0.028511304,-0.13729994,0.36180907,0.91875184,0.0,-0.32742077,-0.42774397,-0.031006115,-0.1154422,0.8153339,0.0,-0.07809865,-0.4929684,-0.5939493,0.6524689,-0.2669737,-0.18919161,-0.44643036,-0.30462864,0.14605592,-0.349
0.41654617,-1.745503,0.12061855,0.04745106,-0.7244391,-0.65316623,0.21519819,-0.06936217,-0.12063477,0.43680906,0.94386846,0.0,-0.3028814,-0.43287396,-0.020255176,-0.08576205,0.7611145,0.0,-0.07318521,-0.5733764,-0.6000328,0.6438927,-0.26715195,-0.21978067,-0.48960418,-0.26491144,0.15430287,-0.349
0.4071486,-1.7456642,0.12549734,0.079402566,-0.7226533,-0.65348405,0.21077465,-0.14518039,-0.11405465,0.47521102,0.97193736,0.0,-0.2942856,-0.44467407,-0.021490132,-0.08952155,0.70869005,0.0,-0.070201896,-0.6412113,-0.5973428,0.6364141,-0.26203382,-0.2424984,-0.53189504,-0.23318754,0.15899597,-0.349
0.3987865,-1.7444564,0.13145846,0.10837925,-0.71656233,-0.656179,0.2102889,-0.23735975,-0.09232791,0.4916811,0.98406714,0.0,-0.29209056,-0.4556279,-0.025323251,-0.10745555,0.67442566,0.0,-0.07512589,-0.71237516,-0.59520197,0.6321055,-0.24353635,-0.26198044,-0.56346667,-0.2315623,0.11940145,-0.349
0.3893445,-1.7422659,0.13578835,0.13860697,-0.7076493,-0.66057086,0.20896584,-0.3364103,-0.053479765,0.49097407,0.9833186,0.0,-0.26729867,-0.46344018,-0.025113879,-0.13531359,0.665736,0.0,-0.08884866,-0.7713912,-0.594097,0.6417442,-0.18962203,-0.2790639,-0.5673735,-0.26813662,0.07344912,-0.349
0.37993824,-1.7418573,0.1347301,0.17341736,-0.69368947,-0.66780275,0.2067869,-0.46034732,0.006513767,0.44736767,0.9970891,0.0,-0.23697473,-0.47770602,0.013530079,-0.11436045,0.684512,0.0,-0.09338899,-0.7916506,-0.5743843,0.67807734,-0.11988698,-0.326052,-0.58301944,-0.34488934,0.04299647,-0.349
0.3700575,-1.7417305,0.1355074,0.21086587,-0.6782343,-0.67692894,0.19313502,-0.5689815,0.06881829,0.39426193,1.0129849,0.0,-0.22286595,-0.47897875,0.058928598,-0.04209451,0.72343576,0.0,-0.093000785,-0.8115356,-0.55719775,0.6897602,-0.025506712,-0.34899998,-0.597255,-0.39452446,0.022631153,-0.349
0.3590731,-1.7441397,0.13731647,0.2483916,-0.66096365,-0.68514395,0.17890352,-0.6840844,0.12835668,0.32426447,1.0535725,0.0,-0.21204567,-0.4653563,0.105801485,0.06087535,0.7466437,0.0,-0.10621724,-0.81231457,-0.5298262,0.69400835,0.019636309,-0.349,-0.6145323,-0.46499208,0.0034116504,-0.349
0.3506259,-1.7488618,0.13660426,0.28167015,-0.64775926,-0.69026655,0.1568501,-0.79528046,0.18365933,0.25622192,1.1341544,0.0,-0.19812484,-0.4277141,0.13473137,0.16222817,0.7470298,0.0,-0.10979688,-0.7903478,-0.53326905,0.6790793,0.05322171,-0.349,-0.63460624,-0.5355895,-0.017627962,-0.349
0.3413067,-1.7542298,0.13806069,0.30040213,-0.64097035,-0.69282603,0.13750517,-0.8963123,0.21011798,0.18361467,1.2319399,0.0,-0.18512775,-0.36829755,0.13367295,0.23044959,0.7310344,0.0,-0.103604615,-0.7727794,-0.5458977,0.6389098,0.06833527,-0.349,-0.6464193,-0.58812535,-0.038448878,-0.349
0.33151564,-1.7602838,0.13939503,0.316402,-0.6353281,-0.6949764,0.11513398,-1.0001174,0.23014513,0.12011126,1.3483384,0.0,-0.17959233,-0.31371406,0.110286586,0.22990106,0.72128445,0.0,-0.10296001,-0.7370316,-0.56279784,0.5886642,0.07353935,-0.349,-0.65522075,-0.6446468,-0.055941366,-0.349
0.32130903,-1.76904,0.13665073,0.33254787,-0.6286371,-0.6979372,0.084326655,-1.1058708,0.2636249,0.061517976,1.4876454,0.0,-0.1811691,-0.27303195,0.094200395,0.24234343,0.75323725,0.0,-0.10496363,-0.66472554,-0.5842529,0.53809863,0.05647007,-0.349,-0.64684,-0.7207506,-0.08050771,-0.349
0.3102388,-1.7794366,0.14054419,0.3510284,-0.6201575,-0.7000138,0.0465231,-1.2057066,0.28281674,0.013459275,1.6157705,0.0,-0.20402405,-0.25625485,0.058814134,0.24000971,0.81047213,0.0,-0.12572587,-0.5773556,-0.59760624,0.48677665,0.028269753,-0.349,-0.62062263,-0.78663737,-0.11475464,-0.349
0.29712135,-1.7921863,0.15355125,0.36564544,-0.61626095,-0.69742084,0.011405355,-1.3051748,0.25324935,-0.025611572,1.7274061,0.0,-0.2370194,-0.2563332,-0.0021654528,0.24408294,0.8669018,0.0,-0.15148933,-0.5035268,-0.61267006,0.43979225,0.003357415,-0.349,-0.5901431,-0.8528476,-0.15189262,-0.349
0.28306007,-1.8049606,0.17621037,0.37719792,-0.61452746,-0.6926124,-0.019123772,-1.4092907,0.1853555,-0.045504007,1.8049277,0.0,-0.2601705,-0.27300942,-0.0807299,0.24072927,0.9040193,0.0,-0.16708997,-0.45466363,-0.62807304,0.41159603,-0.022345234,-0.349,-0.57009876,-0.91253686,-0.17861001,-0.349
0.2686841,-1.8181981,0.20651521,0.3869253,-0.615469,-0.6852876,-0.04321581,-1.5339257,0.08263636,-0.053283535,1.8552576,0.0,-0.28676924,-0.31276685,-0.18090801,0.20367691,0.93276143,0.0,-0.17153123,-0.42523873,-0.65039885,0.37889433,-0.043100357,-0.349,-0.5665025,-0.97700655,-0.20184338,-0.349
0.2562498,-1.8313105,0.23488465,0.39587858,-0.61970335,-0.6748685,-0.06164702,-1.6841457,-0.005998981,-0.038081214,1.8885906,0.0,-0.3041,-0.37532735,-0.29014623,0.13550618,0.9685296,0.0,-0.17760691,-0.40567628,-0.690318,0.3429258,-0.057791315,-0.349,-0.5850452,-1.0464662,-0.2241066,-0.349
0.24683742,-1.8419615,0.25660637,0.40744403,-0.6232112,-0.6628923,-0.078555375,-1.8648423,-0.036219213,0.01054446,1.934402,0.0,-0.32120672,-0.45763534,-0.39859188,0.03435819,1.0099049,0.0,-0.1933222,-0.38142192,-0.7443352,0.31278965,-0.07384844,-0.349,-0.62268347,-1.1131977,-0.24388625,-0.349
0.23508582,-1.8552393,0.2802929,0.4209684,-0.6212117,-0.65370196,-0.097751565,-2.0716155,-0.052663542,0.08921657,2.0091367,0.0,-0.32273027,-0.54633516,-0.5134294,-0.08928563,1.0524238,0.0,-0.226257,-0.3499926,-0.79346275,0.28817713,-0.09293094,-0.349,-0.67039806,-1.1654217,-0.2545792,-0.349
0.22023626,-1.8723779,0.3031285,0.43490702,-0.61215657,-0.64935094,-0.120264605,-2.291752,-0.07499385,0.19481632,2.091968,0.0,-0.31757465,-0.62086254,-0.62316465,-0.22580533,1.0927241,0.0,-0.2962156,-0.31441304,-0.8344608,0.27926186,-0.11540236,-0.349,-0.7195585,-1.1984254,-0.25130373,-0.349
0.20401587,-1.8869305,0.31470147,0.44827127,-0.59650904,-0.6488379,-0.14912792,-2.4924905,-0.07185649,0.31504995,2.1521409,0.0,-0.30515423,-0.6622588,-0.6772696,-0.3187373,1.1107198,0.0,-0.35915157,-0.27038458,-0.85533154,0.27727452,-0.13210295,-0.349,-0.75442034,-1.202708,-0.23767897,-0.349
0.19056305,-1.90057,0.3220783,0.44879505,-0.5757858,-0.657867,-0.18510717,-2.616734,-0.08074394,0.43863332,2.128194,0.0,-0.2784834,-0.6756939,-0.661385,-0.2948594,1.1229123,0.0,-0.35144392,-0.23396711,-0.84905446,0.28528067,-0.15517199,-0.33467972,-0.7681311,-1.1764091,-0.21449213,-0.349
0.1683587,-1.9148864,0.33329213,0.440321,-0.56104594,-0.66047853,-0.23476146,-2.6169999,-0.10401187,0.56380886,2.016303,0.0,-0.31432462,-0.6714924,-0.7390983,-0.33206546,1.1196961,0.0,-0.32758895,-0.2013119,-0.8405593,0.2694245,-0.15408769,-0.29660437,-0.75641465,-1.1400695,-0.1967342,-0.349
0.17477484,-1.9015692,0.3233216,0.45551974,-0.54546076,-0.6505506,-0.26787728,-2.617,0.034001254,0.60479414,1.9662131,0.0,-0.3129393,-0.65279615,-0.7011814,-0.4251532,1.0824592,0.0,-0.34940997,-0.15189758,-0.8675578,0.3067638,-0.17397656,-0.24543689,-0.77486986,-1.1200922,-0.17804901,-0.349
0.18826453,-1.8922374,0.31604338,0.4757329,-0.53443706,-0.6388174,-0.28278536,-2.6153255,0.16044512,0.62362796,1.98829,0.0,-0.38963383,-0.6588391,-0.65468544,-0.51618016,1.0488386,0.0,-0.36648065,-0.13576184,-0.9092914,0.33539218,-0.19034706,-0.223591,-0.8016042,-1.0728618,-0.17524213,-0.349
0.18738596,-1.8977703,0.31642252,0.48842,-0.50190765,-0.6432515,-0.30945462,-2.6154218,0.21763869,0.61701304,2.0062373,0.0,-0.48734102,-0.6193698,-0.5906571,-0.54467136,1.0094441,0.0,-0.35483372,-0.11433174,-0.91074884,0.40507314,-0.2365537,-0.18651298,-0.8025694,-1.0243754,-0.14210887,-0.349
0.18706192,-1.9001744,0.3208353,0.49167705,-0.48616222,-0.6459857,-0.32342294,-2.6158135,0.24203615,0.6016722,2.0089011,0.0,-0.4875293,-0.6076401,-0.5572264,-0.5313267,0.9825085,0.0,-0.33242172,-0.12044224,-0.91483146,0.4379601,-0.2531852,-0.1639788,-0.7873379,-1.0122272,-0.12058709,-0.349
0.18568301,-1.9056417,0.328544,0.49504852,-0.4720433,-0.65096664,-0.32915723,-2.6158888,0.23377809,0.5928348,1.9899037,0.0,-0.46700233,-0.6092399,-0.5239775,-0.49220043,0.9625584,0.0,-0.30087954,-0.12083664,-0.922747,0.46407986,-0.27339157,-0.14195032,-0.72952425,-1.0485795,-0.1232278,-0.349
0.1860983,-1.9122182,0.33993426,0.4994605,-0.45977762,-0.6554375,-0.3309765,-2.603315,0.21178636,0.5969149,1.9400628,0.0,-0.45337796,-0.62360793,-0.48618084,-0.43282652,0.9378975,0.0,-0.2620496,-0.111307725,-0.94418824,0.497739,-0.31914505,-0.117530346,-0.6171855,-1.154623,-0.16945036,-0.349
0.1831415,-1.9209573,0.36648586,0.49016473,-0.4587431,-0.6562897,-0.3443504,-2.5044167,0.18940277,0.653026,1.8371909,0.0,-0.42856672,-0.6571503,-0.4880553,-0.31860188,0.8870968,0.0,-0.18538272,-0.068168536,-1.0147953,0.4824587,-0.44345996,-0.04107839,-0.3288899,-1.3993336,-0.36829948,-0.349
0.17901759,-1.9252886,0.39021984,0.46818453,-0.478175,-0.65029764,-0.3595342,-2.3740985,0.17140919,0.737904,1.7436662,0.0,-0.4320236,-0.6836577,-0.54279995,-0.19153047,0.822327,0.0,-0.123654604,-0.062469866,-1.1900753,0.36163917,-0.63441193,0.17315206,0.027996631,-1.7174731,-0.6137357,-0.3328244
0.16928008,-1.9308349,0.4165823,0.44074073,-0.49650714,-0.65143776,-0.367229,-2.223353,0.108012065,0.83607996,1.6287425,0.0,-0.4369783,-0.67094284,-0.61404145,-0.101204626,0.7442892,0.0,-0.052642733,-0.059290864,-1.4538013,0.11431575,-0.8886395,0.54208344,0.35874933,-2.0630844,-0.7785257,-0.052250717
0.15236579,-1.9416761,0.44704744,0.4296199,-0.50340927,-0.6607619,-0.354118,-2.1184902,-0.029457139,0.90688694,1.4642715,0.0,-0.4012387,-0.64012766,-0.65003765,-0.067053914,0.6535857,0.0,0.036873795,-0.041180015,-1.7369081,-0.17397858,-1.0756676,1.0117444,0.59758174,-2.342108,-0.72900254,0.35852164
0.1387859,-1.9437325,0.47601333,0.4275034,-0.50685596,-0.66353506,-0.34649545,-2.0522082,-0.13969293,0.9155856,1.3131281,0.0,-0.35919324,-0.6318542,-0.6627448,-0.010292582,0.557126,0.0,0.13829811,-0.110968806,-1.7383265,-0.174,-1.0387107,1.1384176,0.7704526,-2.5648808,-0.64134246,0.6429172
0.1286822,-1.9424769,0.5030714,0.41803482,-0.4948274,-0.67842025,-0.34661028,-1.9677545,-0.22250277,0.8828138,1.1848655,0.0,-0.31791663,-0.58433735,-0.6264347,0.1504531,0.50035477,0.0,0.15287516,-0.20607719,-1.5867867,-0.174,-0.879848,1.2266953,0.9763698,-2.79198,-0.49560943,0.8832259
0.1193882,-1.9339799,0.51892823,0.42505202,-0.4774972,-0.6891727,-0.34112787,-1.9321133,-0.26099998,0.8252071,1.1279082,0.0,-0.30558038,-0.5555728,-0.5525284,0.2657058,0.46300808,0.0,0.07359066,-0.16148943,-1.6146457,-0.174,-0.94499075,1.2482789,1.0472368,-2.792,-0.34482595,0.96501344
0.113040864,-1.9186782,0.5370156,0.4199468,-0.4651573,-0.6936958,-0.35504866,-1.8576039,-0.261,0.779333,1.0740447,0.0,-0.30635196,-0.6094244,-0.54058486,0.19776042,0.51294315,0.0,0.041849013,-0.07942266,-1.692603,-0.174,-1.1554371,1.2651263,1.098781,-2.792,-0.35368365,0.9860415
0.10271028,-1.8995546,0.5548891,0.41847083,-0.4570093,-0.6928707,-0.36872068,-1.7834836,-0.261,0.7428478,1.0189435,0.0,-0.3219463,-0.7038979,-0.5396887,0.12358567,0.5832686,0.0,-0.010127436,-0.028214332,-1.7014081,-0.174,-1.2370245,1.2923518,1.114214,-2.792,-0.4831561,0.9353211
0.09737939,-1.8811611,0.5753458,0.4234356,-0.43371847,-0.70190406,-0.37406054,-1.7136742,-0.261,0.6659115,0.9427537,0.0,-0.3094596,-0.81842554,-0.47191706,0.11202426,0.73107255,0.0,-0.09909073,0.0034508277,-1.5966597,-0.174,-1.1734549,1.3327048,1.1454353,-2.7638164,-0.6555026,0.83448607
0.0905658,-1.8637418,0.59353423,0.4264562,-0.4106449,-0.7130534,-0.37558052,-1.6427287,-0.261,0.59452,0.8744165,0.0,-0.29715717,-0.9421541,-0.38160113,0.1789732,0.9081638,0.0,-0.16711475,0.038765367,-1.4726866,-0.174,-1.0805823,1.3644645,1.1859095,-2.7199626,-0.7622959,0.7332047
0.08715366,-1.8516395,0.6100775,0.42231652,-0.3917179,-0.72434515,-0.3788535,-1.5648867,-0.261,0.5434185,0.7972872,0.0,-0.27456897,-1.0909352,-0.28537127,0.27350423,1.1122522,0.0,-0.2438555,0.051568463,-1.3510588,-0.12664673,-1.0456817,1.3910156,1.2357534,-2.6837575,-0.84097767,0.6267199
0.087058395,-1.8498148,0.6242792,0.40924978,-0.37450975,-0.73694015,-0.38623342,-1.4831736,-0.261,0.5181815,0.71865374,0.0,-0.2414239,-1.2716689,-0.20076512,0.35937306,1.3246878,0.0,-0.31147438,0.015576733,-1.2046789,-0.0114872055,-1.0803814,1.4001739,1.3127146,-2.6818006,-0.9187185,0.505675
0.08806547,-1.8601056,0.63749415,0.3695546,-0.34551576,-0.76542,-0.39771903,-1.3557875,-0.261,0.5035609,0.65415454,0.0,-0.20206183,-1.4112448,-0.13370636,0.44075662,1.5084885,0.0,-0.35920292,-0.16872798,-0.9143991,0.26919442,-1.054807,1.3457651,1.5084829,-2.790978,-1.037758,0.36566368
0.08343047,-1.8556218,0.6506076,0.3236685,-0.3031674,-0.80888903,-0.38603988,-1.198674,-0.261,0.43141797,0.61965084,0.0,-0.18658055,-1.4198593,-0.108525895,0.4464409,1.5494322,0.0,-0.39114147,-0.33468515,-0.57305264,0.5178895,-0.9374026,1.2398686,1.717286,-2.792,-1.1234457,0.21185286
0.08276766,-1.8422624,0.66365904,0.28449702,-0.26001325,-0.85347205,-0.3507706,-1.0523982,-0.261,0.31275022,0.5720323,0.0,-0.15562552,-1.3890221,-0.094276845,0.41752037,1.5000229,0.0,-0.4006148,-0.46856296,-0.2416535,0.6923894,-0.75607353,1.1306189,1.8888271,-2.792,-1.1949902,0.06452737
0.08714749,-1.822867,0.6750662,0.24874794,-0.22470433,-0.8931261,-0.29993033,-0.91874564,-0.261,0.17303957,0.50660956,0.0,-0.10823567,-1.3385745,-0.06610015,0.43507826,1.3935044,0.0,-0.3967458,-0.5692443,0.037604537,0.78042376,-0.5641077,1.0632306,2.0359082,-2.792,-1.2570622,-0.038887877
0.091217004,-1.8020079,0.6838115,0.20872676,-0.19681,-0.92710507,-0.24119523,-0.78596485,-0.26066843,0.03313553,0.44180518,0.0,-0.062777065,-1.251674,-0.047757633,0.5312198,1.2470838,0.0,-0.37715837,-0.65525204,0.23865873,0.7912321,-0.40679753,1.0555993,2.1704245,-2.792,-1.2992481,-0.09699562
0.09229666,-1.7801322,0.68991464,0.1591571,-0.17425464,-0.9568648,-0.16945258,-0.6420231,-0.26063386,-0.117643885,0.38284695,0.0,-0.023533814,-1.097769,-0.06933931,0.69085217,1.0878993,0.0,-0.34700572,-0.7588566,0.38817114,0.75781,-0.2784891,1.0734649,2.2923973,-2.792,-1.3213886,-0.12685099
0.075599626,-1.7553035,0.69432926,0.107448,-0.16095027,-0.97770447,-0.081510276,-0.4666122,-0.26099557,-0.27973887,0.3059781,0.0,-0.013415227,-0.8805772,-0.17874165,0.8056012,0.93445355,0.0,-0.3162307,-0.89044803,0.5141769,0.67426723,-0.16209404,1.093332,2.40736,-2.792,-1.3293135,-0.12304648
0.063354515,-1.7364151,0.6951412,0.03235247,-0.15618604,-0.9867659,0.029193299,-0.26873428,-0.261,-0.46517658,0.2356625,0.0,0.007045046,-0.51056945,-0.28964168,0.8884101,0.85233635,0.0,-0.39641914,-1.0599625,0.6131246,0.60646296,-0.07701624,1.0729551,2.4353135,-2.7170653,-1.3062425,-0.15522446
0.056482356,-1.7235154,0.6909555,-0.03427626,-0.16998538,-0.97882426,0.10878067,-0.11818982,-0.261,-0.4781737,0.20789331,0.0,0.030105159,-0.18466492,-0.39581007,0.6699673,0.7899227,0.0,-0.56738514,-1.1286626,0.67159456,0.5556612,-0.01788769,1.0065899,2.3311028,-2.4979591,-1.2409635,-0.259442
0.05716722,-1.7062063,0.6817546,-0.088215396,-0.19385871,-0.96293783,0.1654918,-0.058602773,-0.261,-0.24953456,0.30721027,0.0,0.0060801636,-0.013586563,-0.42068774,0.4662893,0.8776976,0.0,-0.6514563,-1.072309,0.6806662,0.5578289,-0.00033226848,0.91286176,2.1120229,-2.1886091,-1.108337,-0.349
0.055279303,-1.6910242,0.6713042,-0.10625087,-0.23275787,-0.9421879,0.21637128,-0.068301424,-0.261,0.0751286,0.45702094,0.0,-0.07314904,0.06251179,-0.47773227,0.33568022,0.9844736,0.0,-0.7322258,-0.8832022,0.61451685,0.62426704,-0.016940856,0.7647856,1.7713284,-1.8282909,-0.88955796,-0.349
0.030905247,-1.7193165,0.691295,0.114337094,-0.1502648,-0.93471986,0.3010753,-0.5061858,-0.261,0.11854537,0.5051905,0.0,-0.07674013,-0.3712495,-0.4686647,0.31278113,0.8239165,0.0,-0.66044337,-0.21238129,0.22162229,1.0630735,-0.049466934,0.27286538,0.37975857,-0.6538771,0.0056350133,-0.32895017
0.06315541,-1.6866633,0.6986238,0.102659665,-0.093407415,-0.9438348,0.2998532,-0.6461306,-0.12490986,0.071081586,0.7316838,0.0,-0.059077844,-0.45169812,-0.30953932,0.28877452,0.8011179,0.0,-0.54402596,-0.038916305,0.21972921,1.155246,0.078765325,0.120003,0.34486157,-0.6309867,0.061566323,-0.057943538
0.06928223,-1.6796786,0.7040436,0.09843711,-0.07804216,-0.9383469,0.32206312,-0.65338886,-0.13371113,-0.0043492527,0.854728,0.0,-0.068589814,-0.41531906,-0.2904425,0.20405783,0.7445321,0.0,-0.49997047,0.049919114,0.14252873,1.0337758,0.13696611,0.03343468,0.3508835,-0.6603385,0.08358638,0.17228305
0.075443454,-1.6748388,0.71219325,0.08818483,-0.06609508,-0.929539,0.35186943,-0.60498863,-0.12506184,0.00463985,0.90507233,0.0,-0.08755801,-0.3371287,-0.2843058,0.08166345,0.6562152,0.0,-0.4378663,0.11617143,0.114926904,0.8910336,0.16678688,-0.025812304,0.33953997,-0.65394753,0.18748719,0.46104032
0.08202918,-1.6676818,0.72278047,0.07933683,-0.05174709,-0.92193335,0.3755886,-0.5332983,-0.064152956,0.114409246,0.89795125,0.0,-0.10457166,-0.278696,-0.2601074,-0.025156429,0.56774426,0.0,-0.33491442,0.17940506,0.1201142,0.75478023,0.17631757,-0.02715211,0.30064207,-0.5849344,0.31930134,0.7637981
0.0892334,-1.6582258,0.7315211,0.073156215,-0.03695692,-0.9140046,0.39733857,-0.45236912,0.0013650042,0.25528297,0.85683674,0.0,-0.117415145,-0.26897022,-0.22995023,-0.096575454,0.5324215,0.0,-0.22606952,0.23171785,0.14740737,0.64610213,0.17482738,0.026107002,0.27645165,-0.4999843,0.3896176,1.0229012
0.09598873,-1.6510353,0.736274,0.06779234,-0.02630546,-0.9037709,0.4217942,-0.3704283,0.023210503,0.33591324,0.80488884,0.0,-0.09921063,-0.2838735,-0.2168838,-0.14952815,0.552597,0.0,-0.14819166,0.27362067,0.20310685,0.5754942,0.16350453,0.10298382,0.29620636,-0.43372855,0.4027561,1.1834882
0.103013046,-1.6474063,0.7361867,0.062475067,-0.01863583,-0.89254403,0.44622278,-0.2959022,0.001186237,0.32550672,0.752262,0.0,-0.07919639,-0.321219,-0.2214768,-0.17268847,0.6263101,0.0,-0.099806026,0.31118962,0.27298287,0.5398222,0.12858795,0.19091561,0.36034596,-0.40063748,0.44117448,1.2256869
0.11014355,-1.6452463,0.7300107,0.056842808,-0.009838833,-0.8815546,0.46854413,-0.2323393,-0.034658253,0.25076497,0.7064737,0.0,-0.0621573,-0.38760245,-0.22852845,-0.15855323,0.75245416,0.0,-0.08841036,0.34619305,0.35006067,0.5509608,0.074612856,0.27275285,0.43226042,-0.38373068,0.4781238,1.1971445
0.11718422,-1.6442521,0.716607,0.05203461,0.0027233306,-0.8667908,0.4959423,-0.17352985,-0.04959615,0.17883325,0.6371723,0.0,-0.11280323,-0.47193798,-0.23630182,-0.13239336,0.91354597,0.0,-0.10919813,0.35940215,0.41687128,0.6059044,0.0016511675,0.3529018,0.5068264,-0.37425777,0.47072935,1.1476461
0.12161935,-1.6469917,0.70258576,0.047817394,0.00574457,-0.84666306,0.5299454,-0.13489904,-0.061236627,0.116642706,0.5941362,0.0,-0.28003547,-0.53284585,-0.26409188,-0.10023882,1.0700278,0.0,-0.1408782,0.3221068,0.46343032,0.65756845,-0.1166679,0.45536485,0.59127885,-0.38659155,0.41154873,1.0748018
0.12711903,-1.6525073,0.6895659,0.04055733,0.0070760613,-0.82699925,0.56069356,-0.1307601,-0.065891206,0.06432741,0.6314402,0.0,-0.42554748,-0.57636243,-0.2879536,-0.062184215,1.2014639,0.0,-0.15792109,0.259835,0.49082044,0.68268126,-0.2602911,0.595386,0.6712658,-0.41213468,0.34543154,1.0075328
0.13386205,-1.6600665,0.68028635,0.03088107,0.010990502,-0.8095254,0.5861692,-0.14197522,-0.063748986,0.01373093,0.6940799,0.0,-0.51067805,-0.602606,-0.28817296,-0.02014463,1.289883,0.0,-0.19205324,0.19593754,0.50289893,0.68222576,-0.38460153,0.7591575,0.7089073,-0.42937726,0.3009458,1.0091712
0.14068858,-1.6674061,0.676438,0.020678138,0.018990958,-0.7921779,0.60964406,-0.16167027,-0.05460705,-0.038845573,0.7542959,0.0,-0.54291075,-0.61053455,-0.28274006,-0.024251824,1.3196446,0.0,-0.23064047,0.12858038,0.47103202,0.65516317,-0.46023035,0.96313506,0.66092294,-0.4011042,0.26119843,1.1100388
0.14479654,-1.6708442,0.6805892,0.014157711,0.03283739,-0.77731,0.62810063,-0.17514527,-0.034960598,-0.090809554,0.7553038,0.0,-0.5359978,-0.6126336,-0.2586933,-0.06952086,1.2822272,0.0,-0.23643142,0.090956606,0.3832602,0.5675972,-0.40066934,1.1928753,0.53287476,-0.32802126,0.21427743,1.2513661
0.14289531,-1.6734897,0.69207335,0.011755311,0.041752186,-0.7671672,0.6399789,-0.14961186,-0.01406407,-0.122006424,0.67443794,0.0,-0.48170325,-0.5943501,-0.19974193,-0.094312884,1.1769226,0.0,-0.22902739,0.12919524,0.3195032,0.46011832,-0.1813538,1.3287599,0.4405024,-0.27186725,0.20681854,1.2847683
0.13639101,-1.6787937,0.705471,0.007114288,0.044665247,-0.75834125,0.65028685,-0.09690724,0.010521331,-0.14066182,0.57208866,0.0,-0.38944516,-0.5406718,-0.11429974,-0.09170359,1.0237497,0.0,-0.21927863,0.18369815,0.33404288,0.3880107,-0.043036047,1.310995,0.415969,-0.2641141,0.26621342,1.1798977
0.12900287,-1.6875006,0.7172769,0.0009827514,0.0435996,-0.7490047,0.66112787,-0.043864977,0.031428684,-0.1558199,0.49288484,0.0,-0.27596134,-0.46237808,-0.025911879,-0.06323818,0.83996075,0.0,-0.20342688,0.18689254,0.38471726,0.33503082,-0.015671168,1.2501717,0.42436045,-0.30655482,0.29811653,0.98560685
0.12509385,-1.696656,0.7258606,-0.0019371962,0.039828412,-0.73497725,0.67691827,-0.014092665,0.03632098,-0.18164444,0.44989735,0.0,-0.17201468,-0.38367075,0.03600706,-0.02435057,0.6532519,0.0,-0.18767875,0.14441885,0.4175597,0.2811075,-0.082875825,1.1936625,0.44693303,-0.358375,0.2490111,0.77053213
0.12440956,-1.7056966,0.73073184,0.00023639346,0.034733515,-0.71473294,0.6985344,-0.014853072,0.024299733,-0.22705801,0.4486157,0.0,-0.09784964,-0.32161102,0.06613536,-0.0024124377,0.49812,0.0,-0.18010575,0.08834703,0.41246864,0.22631198,-0.17713441,1.1432307,0.4587717,-0.4019034,0.18503393,0.5891372
0.124637745,-1.7152246,0.73049426,0.0038025458,0.030677104,-0.69682765,0.71657217,-0.03818758,0.005624201,-0.26337886,0.49687174,0.0,-0.061245866,-0.27944005,0.08010057,-0.018921351,0.39374936,0.0,-0.17608905,0.034862917,0.39260402,0.18525963,-0.2967974,1.1089935,0.44413242,-0.45107648,0.15655288,0.43573612
0.12571773,-1.7229257,0.7264834,0.009105355,0.028016984,-0.6836342,0.72923,-0.07809062,-0.020124407,-0.29149997,0.5751558,0.0,-0.051574267,-0.26450405,0.080312915,-0.07613066,0.3507336,0.0,-0.15986703,-0.0023433445,0.34729072,0.1594139,-0.41553208,1.0909537,0.4081826,-0.509473,0.14379978,0.30673385
0.12716876,-1.7280531,0.7215571,0.012501378,0.024801293,-0.67426765,0.73796463,-0.12140023,-0.047539238,-0.31678206,0.6665994,0.0,-0.0455774,-0.26133615,0.07203504,-0.121587805,0.36340332,0.0,-0.17402141,-0.021827925,0.29351097,0.15314806,-0.503396,1.0669242,0.37084985,-0.56672776,0.13199419,0.18836085
0.1281888,-1.7341515,0.7183476,0.014223544,0.019853415,-0.6623118,0.74883014,-0.16943805,-0.08147835,-0.36082456,0.77277493,0.0,-0.0072353217,-0.26109162,0.05133556,-0.15583049,0.40760815,0.0,-0.21868987,-0.018278074,0.25398007,0.16841312,-0.5347224,1.0494014,0.3306161,-0.6209307,0.10630322,0.10426597
0.13024986,-1.741878,0.7181808,0.018912714,0.012171939,-0.64922297,0.7602655,-0.22618431,-0.12703139,-0.3953726,0.88696194,0.0,0.05035961,-0.2616301,0.016960062,-0.18492217,0.4581323,0.0,-0.2568769,0.016433543,0.22859512,0.18995926,-0.5596598,1.050946,0.29219377,-0.6818711,0.06564368,0.07686949
0.13249376,-1.748464,0.71953404,0.029666027,0.0034745885,-0.6388262,0.7687711,-0.31092086,-0.16171815,-0.3656262,1.0039817,0.0,0.13809007,-0.26806435,-0.026671551,-0.20030423,0.49906275,0.0,-0.28665426,0.074153185,0.21159136,0.20331566,-0.5598072,1.0671017,0.2655696,-0.7541672,0.026180685,0.13241747
0.13479963,-1.7546134,0.71993214,0.038766906,-0.0016545944,-0.62976253,0.775818,-0.40143684,-0.18531205,-0.33099604,1.1066588,0.0,0.21172152,-0.27321327,-0.06044279,-0.2133327,0.529766,0.0,-0.31205192,0.12659007,0.21531291,0.21957906,-0.5352588,1.0624241,0.23134394,-0.8171038,0.023708515,0.27914616
0.13813438,-1.763499,0.7204125,0.03912121,-0.002752843,-0.62119997,0.78267014,-0.46265677,-0.18687148,-0.3114014,1.1574991,0.0,0.16035612,-0.24640062,-0.07033114,-0.23912698,0.52383304,0.0,-0.32630366,0.16263187,0.24971902,0.2596348,-0.4981378,1.0241895,0.17488548,-0.8464559,0.08995209,0.48792365
0.13836122,-1.7737207,0.71933246,0.016530491,0.003762225,-0.628985,0.7772326,-0.5045465,-0.08778182,-0.24767761,1.19208,0.0,0.04541957,-0.18442912,-0.011394115,-0.24866863,0.47710976,0.0,-0.31424916,0.2338804,0.33613506,0.36618328,-0.454219,0.93468666,0.036064167,-0.7769865,0.25905603,0.77573913
0.13582428,-1.7832432,0.717848,-0.005613221,0.01064665,-0.64330065,0.765519,-0.53068316,0.047055505,-0.15612566,1.1767763,0.0,-0.032377254,-0.12714115,0.05412741,-0.23583423,0.4230297,0.0,-0.29401925,0.3012368,0.40168306,0.46727908,-0.41659242,0.8721131,-0.10991659,-0.66652244,0.4537193,0.9900276
0.13236569,-1.7914253,0.7173251,-0.014824735,0.01574638,-0.6545553,0.7557047,-0.53935564,0.15833268,-0.05886306,1.0946896,0.0,-0.07222142,-0.093588375,0.09216717,-0.21785457,0.38211122,0.0,-0.27773798,0.3430082,0.43432042,0.53991723,-0.38804463,0.8345612,-0.19948238,-0.5912123,0.61574227,1.0442139
0.1303892,-1.7986145,0.71664655,-0.019885588,0.021683345,-0.66127664,0.74956495,-0.5297943,0.2391702,0.033720866,0.9736694,0.0,-0.10534079,-0.07025189,0.11892795,-0.20628436,0.34855258,0.0,-0.26639545,0.3874597,0.45934567,0.6109108,-0.3663968,0.7946907,-0.22635931,-0.5596343,0.68668395,0.99946266
0.13035357,-1.8054987,0.71826637,-0.021313619,0.021192068,-0.6710824,0.74077326,-0.4621392,0.27615446,0.13905793,0.79327893,0.0,-0.09674654,-0.03665738,0.12713447,-0.1844629,0.30370486,0.0,-0.25025618,0.4363508,0.51156723,0.67210555,-0.3108604,0.7344743,-0.18290566,-0.565108,0.62147194,0.870624
0.13251054,-1.8130331,0.7206579,-0.0106604,0.015793158,-0.676265,0.7364119,-0.3684284,0.23670511,0.20452781,0.5726066,0.0,-0.036477618,-0.014434567,0.10207723,-0.17078187,0.26832414,0.0,-0.24393655,0.4468155,0.5574216,0.68458027,-0.2522903,0.6969651,-0.06311218,-0.59561795,0.43834087,0.65845
0.13536,-1.821562,0.72100544,0.0009482514,0.013423997,-0.68049556,0.73262864,-0.2944377,0.18174186,0.18924421,0.39679843,0.0,0.009318674,-0.002986717,0.07733681,-0.15847324,0.24605983,0.0,-0.2469698,0.41692606,0.5598302,0.6535846,-0.22276907,0.7244417,-0.0016924286,-0.55277663,0.31272697,0.5156559
0.13768919,-1.8281082,0.72097176,0.010691433,0.013190584,-0.6799364,0.7330745,-0.25436315,0.14747922,0.17334248,0.31592408,0.0,-0.008586864,0.0052324077,0.059303064,-0.15903194,0.2248697,0.0,-0.24862094,0.35654718,0.5425154,0.6116558,-0.21306022,0.7742543,0.018114518,-0.4916093,0.2526395,0.43490556
0.14045319,-1.8327364,0.7202089,0.019134404,0.0155132385,-0.6724672,0.73971695,-0.2569156,0.12997724,0.17184785,0.30337858,0.0,-0.020916115,0.0037836141,0.04586771,-0.17661397,0.21729565,0.0,-0.2541083,0.27307728,0.5043026,0.57133114,-0.22498634,0.84037596,0.019653458,-0.4379571,0.22143559,0.40584737
0.14421652,-1.8358505,0.72019565,0.027974129,0.018023614,-0.66277313,0.74808043,-0.27969968,0.10742556,0.14316288,0.3078983,0.0,-0.021011347,-0.0074622203,0.028963946,-0.19778493,0.22409421,0.0,-0.2605009,0.19047779,0.44901004,0.5329708,-0.2581489,0.90661573,0.022896769,-0.39540768,0.18729194,0.41893646
0.14421652,-1.8358505,0.72019565,0.0,0.0,-0.66292447,0.7486863,-0.27860302,0.10384471,0.13839078,0.31490505,0.0,-0.028537635,-0.015440146,0.027998481,-0.1911921,0.23389441,0.0,-0.26004422,0.18412852,0.43404305,0.5152051,-0.24954395,0.8763952,0.022133542,-0.38222742,0.18104887,0.4049719
0.14421652,-1.8358505,0.7190165,0.0009648031,0.0006216186,-0.66293144,0.7486792,-0.27750638,0.10026386,0.13361868,0.32191175,0.0,-0.036063924,-0.023418073,0.027033016,-0.18459927,0.2436946,0.0,-0.25958753,0.17777927,0.41907606,0.4974394,-0.24093898,0.84617466,0.021370318,-0.36904716,0.1748058,0.39100736
0.14421652,-1.8358505,0.71783733,0.0019296049,0.0012432364,-0.6629376,0.7486712,-0.27640972,0.09668301,0.12884659,0.3289185,0.0,-0.043590214,-0.031395998,0.026067551,-0.17800644,0.2534948,0.0,-0.2591308,0.17143,0.40410903,0.4796737,-0.23233402,0.81595415,0.020607091,-0.3558669,0.16856274,0.37704283
0.14421652,-1.8358505,0.7166582,0.002894404,0.0018648525,-0.6629428,0.7486621,-0.27531305,0.09310216,0.1240745,0.3359252,0.0,-0.0511165,-0.039373923,0.025102086,-0.1714136,0.263295,0.0,-0.25867411,0.16508076,0.38914204,0.461908,-0.22372906,0.78573364,0.019843865,-0.34268665,0.16231968,0.36307827
0.14421652,-1.8358505,0.715479,0.0038591996,0.0024864662,-0.66294724,0.74865204,-0.2742164,0.089521304,0.1193024,0.34293193,0.0,-0.05864279,-0.047351852,0.024136622,-0.16482078,0.2730952,0.0,-0.25821742,0.15873149,0.37417504,0.4441423,-0.21512409,0.75551313,0.01908064,-0.3295064,0.15607661,0.3491137
0.14421652,-1.8358505,0.71429986,0.00482399,0.0031080765,-0.66295075,0.748641,-0.27311975,0.08594045,0.1145303,0.34993866,0.0,-0.066169076,-0.055329777,0.023171157,-0.15822795,0.28289536,0.0,-0.25776073,0.15238222,0.35920805,0.42637664,-0.20651913,0.72529256,0.018317414,-0.31632614,0.14983355,0.33514917
0.14421652,-1.8358505,0.7131207,0.0057887738,0.0037296829,-0.6629534,0.748629,-0.27202308,0.0823596,0.109758206,0.35694537,0.0,-0.07369537,-0.0633077,0.022205692,-0.15163511,0.29269555,0.0,-0.25730404,0.14603297,0.34424102,0.40861094,-0.19791417,0.69507205,0.01755419,-0.3031459,0.14359048,0.32118464
0.14421652,-1.8358505,0.71194154,0.0067535504,0.0043512844,-0.66295516,0.748616,-0.27092645,0.078778744,0.10498611,0.3639521,0.0,-0.081221655,-0.07128563,0.021240227,-0.14504229,0.30249575,0.0,-0.25684732,0.13968371,0.32927403,0.39084524,-0.1893092,0.66485155,0.016790964,-0.28996563,0.13734742,0.30722007
0.14421652,-1.8358505,0.7107624,0.0077183177,0.00497288,-0.66295606,0.748602,-0.26982978,0.07519789,0.10021401,0.3709588,0.0,-0.08874794,-0.07926355,0.020274762,-0.13844945,0.31229594,0.0,-0.25639063,0.13333446,0.31430703,0.37307954,-0.18070424,0.63463104,0.016027737,-0.27678537,0.13110435,0.2932555
0.14421652,-1.8358505,0.7095832,0.008683075,0.005594469,-0.66295606,0.748587,-0.2687331,0.071617045,0.095441915,0.37796554,0.0,-0.096274234,-0.08724148,0.019309297,-0.13185662,0.32209614,0.0,-0.25593394,0.12698519,0.29934004,0.35531387,-0.17209928,0.60441047,0.015264512,-0.26360512,0.12486129,0.27929097
0.14421652,-1.8358505,0.70840406,0.009647821,0.0062160506,-0.6629552,0.74857104,-0.26763648,0.06803619,0.09066982,0.38497227,0.0,-0.10380052,-0.0952194,0.018343832,-0.1252638,0.33189633,0.0,-0.25547725,0.120635934,0.28437302,0.33754817,-0.1634943,0.57418996,0.014501287,-0.25042486,0.11861823,0.26532644
0.14421652,-1.8358505,0.7072249,0.010612554,0.006837624,-0.6629535,0.7485541,-0.2665398,0.06445534,0.08589773,0.39197898,0.0,-0.111326806,-0.10319733,0.017378367,-0.118670955,0.34169653,0.0,-0.25502056,0.114286676,0.26940602,0.31978247,-0.15488935,0.54396945,0.013738061,-0.2372446,0.11237516,0.25136188
0.14421652,-1.8358505,0.70604575,0.011577274,0.007459189,-0.66295093,0.74853617,-0.26544315,0.060874484,0.08112563,0.3989857,0.0,-0.1188531,-0.11117526,0.016412903,-0.11207813,0.35149673,0.0,-0.25456384,0.10793741,0.25443903,0.30201676,-0.14628439,0.51374894,0.012974836,-0.22406435,0.1061321,0.23739733
0.14421652,-1.8358505,0.7048666,0.012541978,0.008080743,-0.6629474,0.7485173,-0.2643465,0.057293635,0.076353535,0.40599245,0.0,-0.12637939,-0.11915319,0.015447438,-0.1054853,0.36129692,0.0,-0.25410715,0.10158815,0.23947202,0.2842511,-0.13767941,0.4835284,0.01221161,-0.2108841,0.09988903,0.22343278
0.14421652,-1.8358505,0.7036874,0.013506665,0.008702287,-0.6629431,0.74849737,-0.26324984,0.05371278,0.07158144,0.41299915,0.0,-0.13390568,-0.1271311,0.014481973,-0.098892465,0.37109712,0.0,-0.25365046,0.095238894,0.22450502,0.2664854,-0.12907445,0.45330787,0.011448384,-0.19770384,0.09364597,0.20946823
0.14421652,-1.8358505,0.7025083,0.014471334,0.0093238205,-0.6629379,0.74847645,-0.26215318,0.05013193,0.06680934,0.4200059,0.0,-0.14143196,-0.13510904,0.013516508,-0.09229963,0.3808973,0.0,-0.25319377,0.088889636,0.20953803,0.2487197,-0.12046949,0.42308733,0.010685159,-0.18452358,0.0874029,0.19550368
0.14421652,-1.8358505,0.7013291,0.015435985,0.00994534,-0.6629318,0.7484546,-0.26105654,0.04655108,0.06203725,0.4270126,0.0,-0.14895825,-0.14308695,0.012551043,-0.0857068,0.39069748,0.0,-0.25273705,0.08254038,0.19457102,0.230954,-0.11186453,0.39286682,0.009921933,-0.17134333,0.08115984,0.18153913
0.14421652,-1.8358505,0.70014995,0.016400615,0.010566847,-0.6629248,0.74843174,-0.25995988,0.042970225,0.05726515,0.43401933,0.0,-0.15648454,-0.15106489,0.011585578,-0.079113975,0.40049767,0.0,-0.25228035,0.07619111,0.17960402,0.21318832,-0.10325956,0.36264628,0.009158707,-0.15816307,0.07491677,0.16757458
0.14421652,-1.8358505,0.69897074,0.017365225,0.011188341,-0.662917,0.74840784,-0.2588632,0.039389372,0.052493054,0.44102606,0.0,-0.16401082,-0.15904282,0.010620113,-0.07252114,0.41029787,0.0,-0.25182366,0.069841854,0.16463701,0.19542262,-0.0946546,0.33242577,0.008395482,-0.14498281,0.06867371,0.15361004
0.14421652,-1.8358505,0.6977916,0.01832981,0.011809819,-0.66290826,0.74838305,-0.25776657,0.035808522,0.047720958,0.44803277,0.0,-0.17153712,-0.16702074,0.009654649,-0.06592831,0.42009807,0.0,-0.25136697,0.063492596,0.14967002,0.17765693,-0.08604964,0.30220523,0.007632256,-0.13180256,0.062430646,0.13964549
0.14421652,-1.8358505,0.6966124,0.019294372,0.012431283,-0.6628987,0.74835724,-0.2566699,0.03222767,0.042948864,0.4550395,0.0,-0.17906341,-0.17499867,0.008689184,-0.059335478,0.42989826,0.0,-0.25091028,0.057143338,0.13470301,0.15989123,-0.07744467,0.27198473,0.0068690307,-0.1186223,0.05618758,0.12568094
0.14421652,-1.8358505,0.69543326,0.020258907,0.013052729,-0.6628882,0.7483304,-0.25557324,0.028646817,0.038176768,0.4620462,0.0,-0.18658969,-0.18297659,0.007723719,-0.05274265,0.43969846,0.0,-0.25045356,0.050794076,0.11973601,0.14212555,-0.06883971,0.2417642,0.006105805,-0.10544205,0.049944516,0.11171639
0.14421652,-1.8358505,0.6942541,0.021223417,0.013674159,-0.6628769,0.7483026,-0.2544766,0.025065964,0.03340467,0.46905294,0.0,-0.19411598,-0.19095452,0.006758254,-0.046149816,0.44949865,0.0,-0.24999689,0.044444818,0.104769014,0.12435985,-0.060234744,0.21154366,0.0053425794,-0.09226179,0.04370145,0.09775184
0.14421652,-1.8358505,0.69307494,0.022187898,0.01429557,-0.6628647,0.74827385,-0.25337994,0.021485113,0.028632576,0.47605968,0.0,-0.20164227,-0.19893244,0.005792789,-0.039556988,0.45929885,0.0,-0.24954018,0.038095556,0.08980201,0.10659416,-0.05162978,0.18132314,0.0045793536,-0.079081535,0.037458386,0.08378729
0.14421652,-1.8358505,0.6918958,0.023152351,0.014916962,-0.66285163,0.74824405,-0.25228328,0.017904261,0.023860479,0.48306638,0.0,-0.20916855,-0.20691037,0.0048273243,-0.032964155,0.46909904,0.0,-0.24908349,0.031746298,0.07483501,0.08882847,-0.04302482,0.15110262,0.003816128,-0.06590128,0.031215323,0.06982274
0.14421652,-1.8358505,0.6907166,0.024116773,0.015538336,-0.6628377,0.7482133,-0.25118664,0.014323409,0.019088384,0.4900731,0.0,-0.21669485,-0.21488829,0.0038618594,-0.026371324,0.47889924,0.0,-0.24862678,0.025397038,0.059868004,0.07106277,-0.034419853,0.1208821,0.0030529024,-0.052721024,0.024972258,0.055858195
0.14421652,-1.8358505,0.68953747,0.025081163,0.016159687,-0.66282284,0.7481816,-0.25008997,0.010742556,0.014316288,0.49707982,0.0,-0.22422114,-0.22286622,0.0028963946,-0.019778494,0.4886994,0.0,-0.2481701,0.019047778,0.044901006,0.05329708,-0.02581489,0.09066157,0.0022896768,-0.039540768,0.018729193,0.041893646
0.14421652,-1.8358505,0.6883583,0.02604552,0.016781019,-0.66280717,0.74814886,-0.2489933,0.0071617044,0.009544192,0.50408655,0.0,-0.23174742,-0.23084415,0.0019309297,-0.013185662,0.4984996,0.0,-0.24771339,0.012698519,0.029934002,0.035531387,-0.017209927,0.06044105,0.0015264512,-0.026360512,0.012486129,0.027929097
0.14421652,-1.8358505,0.68717915,0.027009843,0.017402329,-0.6627906,0.7481151,-0.24789666,0.0035808522,0.004772096,0.51109326,0.0,-0.23927371,-0.23882207,0.00096546486,-0.006592831,0.5082998,0.0,-0.2472567,0.0063492595,0.014967001,0.017765693,-0.008604963,0.030220525,0.0007632256,-0.013180256,0.0062430645,0.013964549
0.14421652,-1.8358505,0.686,0.027974129,0.018023614,-0.66277313,0.74808043,-0.2468,0.0,0.0,0.5181,0.0,-0.2468,-0.2468,0.0,0.0,0.5181,0.0,-0.2468,0.0,0.0,0.0,0.0,0.0,0.0,0.0,0.0,0.0
