0.010855652,-0.24526039,0.686,0.0,0.0,-0.17020713,0.9854083,-0.24097376,0.0028179518,0.0036925818,0.50719476,0.0,-0.24780464,-0.24472395,0.002991423,0.0004899318,0.51091963,0.0,-0.2462031,-0.0005169396,0.00081840897,0.017060881,-0.026476877,0.028356036,-0.0043029995,-0.012627951,0.01619686,0.031003473
0.010855652,-0.24526039,0.68656856,-0.0003994627,0.0028008788,-0.17013934,0.98541594,-0.23514752,0.0056359037,0.0073851636,0.49628952,0.0,-0.2488093,-0.24264789,0.005982846,0.0009798636,0.5037393,0.0,-0.24560618,-0.0010338792,0.0016368179,0.034121763,-0.052953754,0.056712072,-0.008605999,-0.025255902,0.03239372,0.062006947
0.010855652,-0.24526039,0.6871371,-0.0007989222,0.0056017353,-0.17007019,0.9854157,-0.22932129,0.008453855,0.011077745,0.4853843,0.0,-0.24981394,-0.24057184,0.008974269,0.0014697952,0.49655893,0.0,-0.24500927,-0.0015508188,0.0024552268,0.051182646,-0.07943063,0.085068114,-0.012908999,-0.03788385,0.048590582,0.09301042
0.010855652,-0.24526039,0.6877057,-0.0011983754,0.008402547,-0.16999967,0.9854076,-0.22349504,0.011271807,0.014770327,0.47447902,0.0,-0.25081858,-0.23849578,0.011965692,0.0019597271,0.4893786,0.0,-0.24441238,-0.0020677585,0.0032736359,0.068243526,-0.10590751,0.113424145,-0.017211998,-0.050511803,0.06478744,0.12401389
0.010855652,-0.24526039,0.6882742,-0.0015978188,0.011203291,-0.1699278,0.98539156,-0.2176688,0.014089759,0.01846291,0.46357378,0.0,-0.25182325,-0.23641974,0.014957115,0.002449659,0.48219824,0.0,-0.24381547,-0.0025846981,0.0040920447,0.08530441,-0.13238439,0.14178018,-0.021514999,-0.06313975,0.0809843,0.15501736
0.010855652,-0.24526039,0.6888428,-0.0019972494,0.0140039455,-0.16985457,0.9853676,-0.21184257,0.01690771,0.02215549,0.45266855,0.0,-0.25282788,-0.23434368,0.017948538,0.0029395905,0.47501788,0.0,-0.24321856,-0.0031016376,0.0049104537,0.10236529,-0.15886126,0.17013623,-0.025817998,-0.0757677,0.097181164,0.18602084
0.010855652,-0.24526039,0.68941134,-0.0023966643,0.016804488,-0.16977997,0.98533577,-0.20601632,0.019725664,0.025848072,0.4417633,0.0,-0.25383255,-0.23226762,0.020939961,0.0034295223,0.46783754,0.0,-0.24262165,-0.0036185773,0.0057288627,0.11942617,-0.18533814,0.19849226,-0.030120997,-0.088395655,0.113378026,0.21702431
0.010855652,-0.24526039,0.6899799,-0.0027960597,0.019604895,-0.16970402,0.9852961,-0.20019008,0.022543615,0.029540654,0.43085808,0.0,-0.2548372,-0.23019157,0.023931384,0.0039194543,0.46065718,0.0,-0.24202475,-0.004135517,0.0065472717,0.13648705,-0.21181501,0.22684829,-0.034423996,-0.10102361,0.12957488,0.24802779
0.010855652,-0.24526039,0.6905484,-0.003195433,0.022405146,-0.1696267,0.9852485,-0.19436385,0.025361566,0.033233237,0.4199528,0.0,-0.25584182,-0.22811551,0.026922807,0.004409386,0.45347685,0.0,-0.24142784,-0.0046524564,0.0073656808,0.15354793,-0.23829189,0.25520432,-0.038726997,-0.11365156,0.14577174,0.27903125
0.010855652,-0.24526039,0.691117,-0.0035947803,0.025205217,-0.16954802,0.985193,-0.1885376,0.028179519,0.03692582,0.40904757,0.0,-0.2568465,-0.22603947,0.02991423,0.004899318,0.44629648,0.0,-0.24083093,-0.0051693963,0.008184089,0.17060882,-0.26476878,0.28356037,-0.043029997,-0.1262795,0.1619686,0.31003472
0.010855652,-0.24526039,0.69168556,-0.0039940993,0.028005086,-0.16946799,0.9851296,-0.18271136,0.03099747,0.0406184,0.39814234,0.0,-0.25785112,-0.22396341,0.032905653,0.0053892494,0.43911612,0.0,-0.24023402,-0.0056863357,0.009002498,0.1876697,-0.29124564,0.3119164,-0.047332995,-0.13890746,0.17816547,0.3410382
0.010855652,-0.24526039,0.6922541,-0.0043933857,0.030804731,-0.1693866,0.98505837,-0.17688513,0.03381542,0.04431098,0.3872371,0.0,-0.2588558,-0.22188735,0.035897076,0.005879181,0.4319358,0.0,-0.2396371,-0.006203275,0.009820907,0.20473059,-0.31772253,0.34027246,-0.051635996,-0.1515354,0.19436233,0.37204167
0.010855652,-0.24526039,0.6928227,-0.0047926377,0.03360413,-0.16930385,0.9849792,-0.17105888,0.036633376,0.04800356,0.37633187,0.0,-0.25986043,-0.2198113,0.0388885,0.006369113,0.42475542,0.0,-0.23904021,-0.006720215,0.010639316,0.22179146,-0.34419942,0.36862847,-0.055938996,-0.16416335,0.21055919,0.40304515
0.010855652,-0.24526039,0.6933912,-0.0051918505,0.036403257,-0.16921975,0.98489213,-0.16523264,0.039451327,0.051696144,0.3654266,0.0,-0.26086506,-0.21773525,0.041879922,0.0068590445,0.4175751,0.0,-0.2384433,-0.0072371545,0.011457725,0.23885234,-0.37067628,0.39698452,-0.060241994,-0.17679131,0.22675605,0.43404862
0.010855652,-0.24526039,0.6939598,-0.0055910223,0.039202098,-0.1691343,0.9847972,-0.1594064,0.04226928,0.055388726,0.35452136,0.0,-0.26186973,-0.2156592,0.044871345,0.0073489766,0.41039473,0.0,-0.23784639,-0.007754094,0.012276134,0.25591323,-0.39715317,0.42534056,-0.064545,-0.18941925,0.24295291,0.4650521
0.010855652,-0.24526039,0.69452834,-0.005990149,0.04200062,-0.16904749,0.98469436,-0.15358016,0.04508723,0.05908131,0.34361613,0.0,-0.26287436,-0.21358314,0.04786277,0.007838909,0.40321437,0.0,-0.23724948,-0.008271034,0.0130945435,0.2729741,-0.42363003,0.45369658,-0.06884799,-0.20204721,0.25914976,0.49605557
0.010855652,-0.24526039,0.6950969,-0.0063892277,0.044798806,-0.16895932,0.9845837,-0.14775392,0.04790518,0.06277389,0.3327109,0.0,-0.263879,-0.21150708,0.05085419,0.00832884,0.39603403,0.0,-0.23665258,-0.008787974,0.0139129525,0.29003498,-0.45010692,0.48205262,-0.07315099,-0.21467516,0.27534664,0.527059
0.010855652,-0.24526039,0.6956655,-0.0067882556,0.047596637,-0.1688698,0.98446506,-0.14192767,0.05072313,0.06646647,0.32180566,0.0,-0.26488367,-0.20943104,0.053845614,0.008818772,0.38885367,0.0,-0.23605567,-0.009304913,0.0147313615,0.30709586,-0.47658378,0.51040864,-0.07745399,-0.22730312,0.29154348,0.5580625
0.010855652,-0.24526039,0.696234,-0.0071872286,0.050394084,-0.16877893,0.9843386,-0.13610144,0.053541087,0.070159055,0.3109004,0.0,-0.2658883,-0.20735498,0.056837037,0.009308703,0.3816733,0.0,-0.23545876,-0.009821853,0.015549771,0.32415676,-0.5030607,0.5387647,-0.081756994,-0.23993106,0.30774036,0.58906597
0.010855652,-0.24526039,0.69680256,-0.0075861444,0.053191125,-0.1686867,0.98420423,-0.1302752,0.056359038,0.07385164,0.29999515,0.0,-0.26689297,-0.20527893,0.05982846,0.009798636,0.37449297,0.0,-0.23486185,-0.010338793,0.016368179,0.34121764,-0.52953756,0.56712073,-0.086059995,-0.252559,0.3239372,0.62006944
0.010855652,-0.24526039,0.6973711,-0.007985,0.055987746,-0.16859312,0.98406196,-0.12444896,0.05917699,0.07754422,0.28908992,0.0,-0.2678976,-0.20320287,0.06281988,0.010288567,0.3673126,0.0,-0.23426495,-0.010855732,0.017186588,0.3582785,-0.5560144,0.59547675,-0.090362996,-0.26518697,0.34013405,0.6510729
0.010855652,-0.24526039,0.6979397,-0.008383791,0.058783915,-0.1684982,0.9839119,-0.11862272,0.06199494,0.0812368,0.27818468,0.0,-0.26890224,-0.20112681,0.065811306,0.010778499,0.36013228,0.0,-0.23366804,-0.011372671,0.018004997,0.3753394,-0.5824913,0.6238328,-0.09466599,-0.27781492,0.35633093,0.6820764
0.010855652,-0.24526039,0.6985082,-0.008782514,0.06157961,-0.16840193,0.98375386,-0.11279648,0.06481289,0.084929384,0.26727945,0.0,-0.2699069,-0.19905077,0.06880273,0.01126843,0.3529519,0.0,-0.23307113,-0.011889611,0.018823406,0.39240026,-0.6089682,0.65218884,-0.09896899,-0.29044285,0.37252778,0.71307987
0.010855652,-0.24526039,0.6990768,-0.009181168,0.06437482,-0.16830431,0.9835879,-0.10697024,0.06763084,0.08862196,0.25637418,0.0,-0.27091154,-0.19697471,0.07179415,0.011758362,0.34577155,0.0,-0.23247422,-0.01240655,0.019641815,0.40946117,-0.63544506,0.6805449,-0.10327199,-0.3030708,0.38872465,0.74408334
0.010855652,-0.24526039,0.69964534,-0.009579748,0.06716951,-0.16820534,0.9834142,-0.101144,0.07044879,0.09231454,0.24546894,0.0,-0.2719162,-0.19489866,0.074785575,0.012248294,0.33859122,0.0,-0.23187733,-0.01292349,0.020460224,0.42652205,-0.6619219,0.7089009,-0.10757499,-0.31569877,0.4049215,0.7750868
0.010855652,-0.24526039,0.7002139,-0.0099782515,0.06996366,-0.16810502,0.98323256,-0.09531776,0.07326675,0.09600712,0.23456371,0.0,-0.27292085,-0.1928226,0.077777,0.012738226,0.33141086,0.0,-0.23128042,-0.01344043,0.021278633,0.44358292,-0.68839884,0.73725694,-0.11187799,-0.3283267,0.42111838,0.8060903
0.010855652,-0.24526039,0.7007825,-0.010376675,0.07275725,-0.16800335,0.983043,-0.089491524,0.0760847,0.099699706,0.22365847,0.0,-0.27392548,-0.19074655,0.08076842,0.013228158,0.3242305,0.0,-0.2306835,-0.013957369,0.022097042,0.4606438,-0.7148757,0.765613,-0.11618099,-0.34095466,0.43731523,0.8370938
0.010855652,-0.24526039,0.701351,-0.010775015,0.07555026,-0.16790034,0.9828456,-0.08366528,0.078902654,0.10339229,0.21275322,0.0,-0.27493015,-0.1886705,0.083759844,0.013718089,0.31705016,0.0,-0.2300866,-0.014474309,0.02291545,0.47770467,-0.74135256,0.79396904,-0.12048399,-0.35358262,0.4535121,0.86809725
0.010855652,-0.24526039,0.70191956,-0.011173269,0.07834266,-0.16779599,0.9826404,-0.07783904,0.081720605,0.10708487,0.20184799,0.0,-0.2759348,-0.18659444,0.08675127,0.014208022,0.3098698,0.0,-0.2294897,-0.014991249,0.02373386,0.49476558,-0.7678294,0.82232505,-0.12478699,-0.36621058,0.46970895,0.8991007
0.010855652,-0.24526039,0.7024881,-0.011571433,0.08113444,-0.16769029,0.98242724,-0.072012804,0.08453856,0.11077745,0.19094273,0.0,-0.27693945,-0.1845184,0.08974269,0.014697953,0.30268946,0.0,-0.22889279,-0.015508188,0.024552269,0.51182646,-0.79430634,0.8506811,-0.12909,-0.3788385,0.48590583,0.9301042
0.010855652,-0.24526039,0.7024881,-0.011571433,0.08113444,-0.16769029,0.98242724,-0.06618656,0.08735651,0.114470035,0.1800375,0.0,-0.2779441,-0.18244234,0.09273411,0.015187885,0.2955091,0.0,-0.22829588,-0.016025128,0.025370678,0.52888733,-0.8207832,0.87903714,-0.13339299,-0.39146647,0.5021027,0.9611077
0.014481536,-0.24352771,0.69921136,-0.011168221,0.087312244,-0.18113136,0.97951174,-0.063753046,0.08354571,0.13287121,0.17421418,0.0,-0.29808876,-0.2156202,0.075225286,-0.03513923,0.324336,0.0,-0.26871014,-0.021272408,0.023883743,0.51676875,-0.7832414,0.8692155,-0.16435722,-0.41966623,0.39852458,0.95027417
0.018478386,-0.24321446,0.6971359,-0.009571305,0.09223844,-0.18793803,0.97779334,-0.0651433,0.07753423,0.14296523,0.17440814,0.0,-0.30351546,-0.24004649,0.059122644,-0.06919037,0.3433576,0.0,-0.293269,-0.04653067,0.011952014,0.50746346,-0.76501477,0.8493621,-0.20076165,-0.45762613,0.30118695,0.9300371
0.022455513,-0.24294351,0.6946429,-0.006833567,0.097179845,-0.19578212,0.97579646,-0.06783862,0.070183225,0.14875783,0.17715546,0.0,-0.31240034,-0.2648773,0.044369366,-0.08418225,0.35699794,0.0,-0.30713606,-0.063320026,-0.01551072,0.4974679,-0.7517847,0.8303114,-0.23807979,-0.5114108,0.19625142,0.89214224
0.027469525,-0.24443737,0.6916962,-0.0051928074,0.09970836,-0.19783379,0.9751375,-0.06738381,0.066955656,0.14432925,0.18582036,0.0,-0.3251399,-0.27020383,0.039857533,-0.08753326,0.37004736,0.0,-0.31615177,-0.08698097,-0.042811666,0.49386892,-0.75065684,0.8046174,-0.2768621,-0.56664413,0.10864461,0.8495338
0.033348914,-0.24652798,0.68804693,-0.0032994119,0.101935424,-0.20391384,0.97366184,-0.06352186,0.06332382,0.14627722,0.19711944,0.0,-0.3425767,-0.27480364,0.035618573,-0.091534644,0.3834566,0.0,-0.32022983,-0.09334884,-0.07446863,0.49908555,-0.76154625,0.77617735,-0.31106842,-0.6326936,0.038893532,0.7944567
0.04058769,-0.24927513,0.6841265,0.00013305865,0.10329986,-0.20859514,0.9725313,-0.060110245,0.055749677,0.1524161,0.21613869,0.0,-0.3643115,-0.27616143,0.028502088,-0.091200665,0.39944214,0.0,-0.31068802,-0.10442503,-0.103758544,0.518257,-0.79192764,0.7320517,-0.3534573,-0.69447786,-0.02830235,0.7164273
0.04909136,-0.25189325,0.67877376,0.0066251624,0.10423256,-0.21209672,0.9716515,-0.06211034,0.041212007,0.15122524,0.24775541,0.0,-0.39591104,-0.28155196,0.011872816,-0.10087543,0.42725477,0.0,-0.31726673,-0.11810079,-0.14106503,0.55060047,-0.849458,0.6711485,-0.4112038,-0.7616446,-0.08581252,0.5924289
0.05859417,-0.2545524,0.67214864,0.015609327,0.104039446,-0.21487775,0.9709581,-0.066744864,0.021949,0.14623623,0.2923328,0.0,-0.4371271,-0.2876758,-0.012240056,-0.11401107,0.4629931,0.0,-0.3417232,-0.13403541,-0.18420589,0.58188945,-0.93356985,0.6235151,-0.49441317,-0.8215094,-0.09798604,0.41314107
0.06893292,-0.25739518,0.6653768,0.025820075,0.10473646,-0.21873595,0.96980315,-0.0891163,0.0017651289,0.14770691,0.37403905,0.0,-0.47861895,-0.29998446,-0.041318506,-0.1261842,0.5091493,0.0,-0.39955574,-0.13054821,-0.23643452,0.6012326,-1.0074996,0.59570944,-0.58179283,-0.88697577,-0.09991832,0.20217349
0.08050736,-0.26032954,0.6609196,0.036877204,0.10718513,-0.2242791,0.9679103,-0.14016682,-0.014040107,0.1622128,0.514984,0.0,-0.49895123,-0.3038513,-0.072509766,-0.14116323,0.53031796,0.0,-0.45788684,-0.10525216,-0.29451013,0.6097904,-1.0742602,0.5647509,-0.6880794,-0.93600994,-0.13546525,-0.029484926
0.09467991,-0.26498997,0.65803707,0.04284357,0.10897067,-0.22715579,0.9667937,-0.19323517,-0.007469767,0.210641,0.6748501,0.0,-0.49445033,-0.28954288,-0.08841315,-0.13336442,0.5384448,0.0,-0.49611184,-0.07041012,-0.3427784,0.605848,-1.1138448,0.5470892,-0.8025793,-0.97398144,-0.18112881,-0.2204462
0.11025608,-0.27000934,0.6555146,0.044896364,0.11299784,-0.2286323,0.9658898,-0.26142293,0.018403657,0.27382284,0.8144836,0.0,-0.49894238,-0.27193388,-0.093839616,-0.11919134,0.54158735,0.0,-0.5157267,-0.03189266,-0.37726432,0.61776596,-1.1548097,0.54104596,-0.9156159,-0.9924875,-0.24133433,-0.3456147
0.12657739,-0.27453542,0.6517217,0.042543165,0.12068313,-0.22859211,0.9650758,-0.36063832,0.067974344,0.34936914,0.9272595,0.0,-0.575532,-0.25265947,-0.0881502,-0.112551354,0.5344005,0.0,-0.5372461,0.0042841514,-0.3833244,0.6541506,-1.1641399,0.53518295,-1.0575552,-1.0011475,-0.27570114,-0.349
0.1460891,-0.27947852,0.6474096,0.03994015,0.12708467,-0.22872628,0.96433324,-0.46021256,0.12399872,0.4394373,0.9833831,0.0,-0.66361105,-0.21962355,-0.08341106,-0.10824306,0.517209,0.0,-0.5582888,0.0406426,-0.34280503,0.6963716,-1.1309772,0.5154127,-1.1697419,-0.9961557,-0.3035513,-0.349
0.1687452,-0.28300095,0.64322674,0.03717003,0.13121623,-0.23558299,0.96223766,-0.5693641,0.16765614,0.5141913,1.0008725,0.0,-0.715526,-0.17716484,-0.08208782,-0.08418123,0.4909318,0.0,-0.5716182,0.10638146,-0.27091756,0.75001717,-1.0677054,0.47792712,-1.2375463,-0.997514,-0.3371669,-0.349
0.19355942,-0.2853462,0.64013195,0.03457419,0.13390963,-0.24706991,0.9590773,-0.67502505,0.20427193,0.5909566,0.96170944,0.0,-0.7047506,-0.12289198,-0.085062526,-0.052084383,0.44345066,0.0,-0.5805858,0.19652967,-0.14021124,0.845874,-0.9214705,0.38463348,-1.2568123,-1.0055424,-0.38227546,-0.349
0.2185924,-0.2860533,0.6404112,0.030991338,0.13517463,-0.25646475,0.95655274,-0.78131735,0.22393326,0.6297808,0.8687183,0.0,-0.63836735,-0.060024407,-0.094478294,-0.04309946,0.38582686,0.0,-0.5608623,0.30366805,0.031985562,0.97177726,-0.7033703,0.24811247,-1.2587346,-1.0214657,-0.4208642,-0.349
0.24706225,-0.28674915,0.6468072,0.024735652,0.13121949,-0.26377362,0.95529735,-0.8491156,0.22854434,0.6371155,0.715868,0.0,-0.51577944,0.008789801,-0.10595433,-0.03973853,0.35656267,0.0,-0.48314947,0.42895412,0.13082881,1.04567,-0.5316866,0.18538012,-1.258522,-1.0593617,-0.44857007,-0.349
0.28348917,-0.28852862,0.66060084,0.015938189,0.12243269,-0.26794857,0.9554893,-0.86014247,0.21991085,0.6224517,0.53584635,0.0,-0.35332903,0.08013574,-0.12285608,-0.023966702,0.36818206,0.0,-0.32470524,0.55026513,0.18725754,1.08785,-0.40274873,0.18902564,-1.2274004,-1.1280979,-0.5003881,-0.349
0.33166876,-0.29185542,0.679823,0.005731483,0.111271195,-0.26419437,0.9580121,-0.8106689,0.19489674,0.5905113,0.349415,0.0,-0.16236693,0.13231862,-0.14557843,-0.021333354,0.42430973,0.0,-0.06288217,0.6456296,0.23148972,1.135919,-0.2924928,0.19471681,-1.1696004,-1.2122793,-0.56646776,-0.3484405
0.3882934,-0.29404163,0.6980491,-0.005503202,0.10652195,-0.2414704,0.9645283,-0.75740135,0.15797842,0.54180497,0.21735713,0.0,0.06754047,0.116803095,-0.17683813,-0.071662016,0.5571781,0.0,0.3427661,0.64909285,0.2561719,1.1012644,-0.28529412,0.3261549,-1.102551,-1.3117843,-0.64041793,-0.27593973
0.4431988,-0.29362327,0.69879466,-0.019578025,0.100228295,-0.23380995,0.9669043,-0.6983142,0.17889462,0.5651482,0.19602068,0.0,0.12365955,0.12410905,-0.22493017,-0.17063448,0.64592326,0.0,0.4174302,0.6636844,0.3039873,1.0636625,-0.30844003,0.44745842,-1.0415528,-1.4943254,-0.72029537,-0.13842641
0.49847236,-0.29072928,0.69030786,-0.02677531,0.08934226,-0.20725691,0.9738304,-0.63409036,0.15859054,0.4878885,0.23815624,0.0,0.21394806,0.1542937,-0.2786974,-0.24882753,0.7934729,0.0,0.3816045,0.6406423,0.33532885,1.0310258,-0.29724184,0.52464443,-1.0187697,-1.6802101,-0.7560445,-0.017235396
0.54582596,-0.28886136,0.67892843,-0.040255558,0.07903768,-0.15929429,0.98323846,-0.57335085,0.1426426,0.47248513,0.29838115,0.0,0.044249803,0.17895256,-0.292951,-0.30060077,0.9505173,0.0,0.29846823,0.5827538,0.32316393,1.0375435,-0.25701332,0.5696563,-1.0056021,-1.879733,-0.6995675,0.13661847
0.5769386,-0.28735816,0.6810089,-0.05758714,0.09161534,-0.113630764,0.9876125,-0.62140566,0.14574738,0.37118527,0.394083,0.0,-0.02489502,0.10094779,-0.28289416,-0.29589388,1.0616704,0.0,0.08594589,0.5043634,0.3047342,1.0166533,-0.2175537,0.57231253,-0.9899239,-1.9864256,-0.63213754,0.25952542
0.6034491,-0.28879097,0.6804875,-0.07300084,0.11037679,-0.06966808,0.98875386,-0.7038695,0.14684208,0.2346042,0.5030743,0.0,-0.09244153,-0.04770197,-0.23888932,-0.21505107,1.1703566,0.0,-0.11770211,0.4295685,0.28923202,0.9688664,-0.21713881,0.674239,-1.019811,-2.1406388,-0.54288495,0.3792205
0.6318524,-0.29750547,0.6776107,-0.08095782,0.13421817,-0.03133209,0.98714215,-0.7966483,0.13185416,0.053448606,0.61732614,0.0,-0.1603552,-0.23362656,-0.13544247,-0.094824195,1.2049702,0.0,-0.32600462,0.37953934,0.31648788,0.8676392,-0.23651774,0.83749,-1.1143993,-2.3560848,-0.43789095,0.45245293
0.6627549,-0.3016722,0.6724795,-0.061962802,0.14521588,0.024829544,0.9871456,-0.7980671,0.036607716,-0.070888326,0.6636471,0.0,-0.2032008,-0.41176155,-0.069150396,0.027333358,1.2010046,0.0,-0.49428353,0.28826356,0.46643016,0.71653575,-0.23207833,0.99737734,-1.1649771,-2.599673,-0.35048768,0.49667102
0.6926724,-0.30833945,0.6651034,-0.058024183,0.16325295,0.09369384,0.9804097,-0.83342165,-0.04137541,-0.21437879,0.7196296,0.0,-0.24900022,-0.61603326,0.033724375,0.14779067,1.18437,0.0,-0.6057852,0.18013923,0.61584866,0.620529,-0.16846733,1.12692,-1.2297236,-2.7919943,-0.20654076,0.58539426
0.72459203,-0.3133911,0.65602577,-0.061929367,0.17335843,0.16603698,0.96878445,-0.848796,-0.10193978,-0.34304985,0.77576166,0.0,-0.3130488,-0.7974414,0.111629255,0.253179,1.1851068,0.0,-0.6741217,0.039658718,0.7500018,0.5250595,-0.039021336,1.239661,-1.2105329,-2.792,-0.001130701,0.7634529
0.756752,-0.3157089,0.64578426,-0.05985534,0.18522073,0.24226838,0.9504823,-0.8433224,-0.1733568,-0.43373632,0.7989483,0.0,-0.34642413,-0.98231596,0.093890086,0.3599542,1.2110353,0.0,-0.7195864,-0.047805067,0.8383378,0.48145646,0.06302541,1.2580156,-1.1157124,-2.792,0.35996428,1.0317547
0.785695,-0.32124507,0.6359459,-0.062206186,0.19958131,0.35267735,0.91209453,-0.89557403,-0.19801946,-0.26434052,0.7946547,0.0,-0.31718636,-1.106499,0.021274816,0.5520454,1.2314783,0.0,-0.7154721,-0.21808414,0.8543455,0.46427143,0.17762835,1.2224914,-1.0032296,-2.3758905,0.7844938,1.417638
0.81102747,-0.32256374,0.63469064,-0.079795465,0.20136319,0.4140043,0.88413006,-0.9023144,-0.20105283,-0.2983249,0.7826167,0.0,-0.31621066,-1.136657,-0.058619723,0.62748384,1.1117707,0.0,-0.62313503,-0.39465705,0.7881699,0.36840367,0.23303263,1.0806562,-0.4874285,-1.4307686,0.52624,1.658
0.8442999,-0.32499513,0.6364479,-0.11500738,0.19224869,0.45174947,0.86356014,-0.937065,-0.16654442,-0.46140763,0.8572485,0.0,-0.31305957,-1.0701033,-0.0940409,0.44676426,0.84885204,0.0,-0.53479105,-0.16833146,0.5015487,0.5545272,0.105543554,0.71607685,0.18849622,-0.6786186,-0.12577353,1.3365122
0.871351,-0.32931975,0.62831885,-0.09283734,0.19303514,0.45662186,0.8634901,-0.93844867,-0.18194775,-0.46769434,0.9600246,0.0,-0.33106676,-1.0576816,-0.07703181,0.498858,0.68169445,0.0,-0.46962306,0.02820437,0.096150585,0.552953,-0.24023989,0.41284978,0.13511753,-0.5347813,0.09652824,0.8768886
0.9024985,-0.33870628,0.6332416,-0.0699236,0.18809965,0.5185097,0.83119005,-0.81864715,-0.20312807,-0.5798508,0.78917396,0.0,-0.29819548,-0.9971022,-0.14487743,0.48325923,0.7119358,0.0,-0.2590613,0.12592879,-0.31529853,0.43207508,-0.52764356,0.2370717,-0.038432818,-0.6005901,0.38579208,0.564865
0.93396723,-0.35140333,0.6477708,-0.0606923,0.18126994,0.60206777,0.77522385,-0.6907844,-0.16670269,-0.7587103,0.4732347,0.0,-0.15663446,-0.89971834,-0.23478495,0.29908982,0.7217392,0.0,-0.25409836,0.30569473,-0.7694727,0.098899916,-0.87211394,0.34548482,-0.12262312,-0.7715848,0.40897113,0.3471097
0.9682424,-0.3646545,0.6647149,-0.051347367,0.17138617,0.6852255,0.70601434,-0.6796087,-0.16965097,-0.69559044,0.3802427,0.0,0.035554685,-0.7470242,-0.3155731,0.045430765,0.6696222,0.0,-0.2712222,0.4132137,-1.1387482,-0.17399237,-1.0871109,0.55112386,-0.21151255,-0.9070208,0.35021266,0.2597101
1.0046686,-0.37623906,0.6798548,-0.042297293,0.15332937,0.74648756,0.6461094,-0.6694716,-0.14494193,-0.46452668,0.4219427,0.0,-0.053608116,-0.54688597,-0.32208812,-0.25344065,0.5432946,0.0,-0.281932,0.46532524,-1.4615208,-0.17399986,-1.1745075,0.57117707,-0.4001157,-0.9588498,0.31637093,0.11585112
1.0368041,-0.38485402,0.69995815,-0.02147903,0.12362363,0.7838504,0.6081401,-0.5813197,-0.054133188,-0.2588811,0.48737937,0.0,-0.21074319,-0.3142113,-0.25171402,-0.48965326,0.3405615,0.0,-0.207133,0.5891367,-1.850985,-0.174,-1.1638179,0.58668596,-0.6881582,-0.94739336,0.29161268,-0.0076825055
1.0645912,-0.38928813,0.7220735,0.011201737,0.08619457,0.81092626,0.57865673,-0.43698612,0.078800604,-0.09274843,0.60229766,0.0,-0.36401504,-0.10210394,-0.1530154,-0.66830426,0.16618744,0.0,-0.10069507,0.69419277,-2.2157578,-0.17398256,-1.1108185,0.68599564,-1.0834734,-0.8464605,0.3711309,-0.05183498
1.0889392,-0.39038095,0.75666386,0.028266668,0.051090814,0.8344495,0.54798234,-0.26105914,0.21565904,0.006091801,0.6902479,0.0,-0.36791974,0.012133383,-0.053041916,-0.7781783,0.07792939,0.0,0.13493967,0.7080188,-2.47848,-0.06527904,-1.0295357,0.7520716,-1.4298456,-0.75972646,0.43865713,-0.072688535
1.113827,-0.38857317,0.80973697,0.014669803,0.018289357,0.8751812,0.48322684,-0.15437852,0.34315744,0.08668512,0.7044856,0.0,-0.21733752,0.015160402,0.017673008,-0.8860434,0.06973983,0.0,0.60218596,0.6211974,-2.6631892,0.039742265,-0.8611407,0.7002228,-1.6166735,-0.80302274,0.39322186,-0.11490977
1.1307455,-0.39169475,0.8438345,0.0034587404,0.0014194961,0.9164616,0.40010524,-0.12609848,0.3989477,0.095914245,0.6439824,0.0,-0.14009579,0.013616989,-0.022613455,-0.72755057,0.15488693,0.0,0.6716063,0.538828,-2.762137,0.07490939,-0.78218985,0.6736449,-1.4512261,-1.1860148,0.11506992,-0.29664746
1.1437813,-0.4034487,0.8642718,-0.0028792953,0.011240861,0.9456454,0.32499257,-0.11200597,0.36576775,0.101290934,0.54995626,0.0,-0.115085,0.010188851,-0.09509618,-0.5771745,0.2030035,0.0,0.4905433,0.5585668,-2.8228674,0.0771463,-0.7913378,0.72064614,-1.0832312,-1.6628951,-0.38678262,-0.31904614
1.158244,-0.41971982,0.8802926,-0.012084182,0.024255197,0.9627583,0.269002,-0.09356008,0.30551636,0.09433328,0.47654358,0.0,-0.063457176,0.0023750244,-0.14945258,-0.47714734,0.19432904,0.0,0.3800425,0.6019488,-2.9032478,0.036540333,-0.8208876,0.81996113,-0.80633247,-2.037456,-0.7626697,-0.09820197
1.1767485,-0.43783206,0.8893896,-0.027720956,0.04630764,0.97447264,0.21792258,-0.09362783,0.22395763,0.088745974,0.40362936,0.0,-0.00488688,-0.050968498,-0.22081716,-0.3750155,0.19551793,0.0,0.27073762,0.6025476,-2.966,0.04461676,-0.8859506,0.87967086,-0.56700116,-2.4004478,-1.0221804,0.24075663
1.1985682,-0.45469937,0.89075035,-0.040822007,0.06408033,0.98247916,0.1701823,-0.08765041,0.15904136,0.08894042,0.34559506,0.0,0.050483737,-0.10508295,-0.27956274,-0.26656184,0.1969888,0.0,0.17824687,0.57538277,-2.966,0.11132665,-0.94801474,0.84956896,-0.47243696,-2.6427271,-1.0700289,0.49194124
1.2218013,-0.4692603,0.8843913,-0.057772998,0.07133274,0.9881814,0.12276582,-0.09659342,0.12739716,0.08882217,0.31453064,0.0,0.10881122,-0.15796244,-0.31123263,-0.17623472,0.1916505,0.0,0.12259301,0.54197663,-2.966,0.18857744,-0.97348595,0.7793448,-0.46399313,-2.763583,-1.0286887,0.60254306
1.245391,-0.48322216,0.87081236,-0.07497865,0.071426086,0.9914153,0.07982601,-0.10646886,0.11935577,0.101897806,0.30245006,0.0,0.18426637,-0.21413258,-0.32546806,-0.104836136,0.19154818,0.0,0.09508851,0.5098336,-2.966,0.24983604,-0.99294674,0.69915783,-0.47402233,-2.792,-0.9986092,0.60926825
1.2695491,-0.49685207,0.85004973,-0.09388732,0.07013907,0.9924147,0.037130434,-0.13106896,0.11487949,0.13625364,0.29611227,0.0,0.27233064,-0.28191587,-0.32958823,-0.05796267,0.19855057,0.0,0.06783091,0.47596812,-2.966,0.299737,-1.0310934,0.6287825,-0.49393627,-2.792,-0.9795395,0.55949223
1.2954941,-0.51046056,0.82186925,-0.114504404,0.07199024,0.99079233,-0.00605779,-0.17163637,0.09737369,0.17402448,0.2948554,0.0,0.3807267,-0.36413294,-0.32602385,-0.02537982,0.20939134,0.0,0.03514198,0.43099338,-2.9230077,0.35333347,-1.092332,0.5807318,-0.5052468,-2.792,-0.93476343,0.5288694
1.3215173,-0.52456427,0.7869871,-0.13606083,0.078571364,0.98599637,-0.055903077,-0.21439159,0.06954557,0.27204248,0.3109037,0.0,0.5368632,-0.4575878,-0.3412226,-0.034252442,0.2522751,0.0,0.021319902,0.36502513,-2.8172548,0.4397371,-1.1317176,0.52198666,-0.50894976,-2.7772987,-0.856774,0.5271864
1.3460448,-0.5398679,0.7477429,-0.14930218,0.08320207,0.97907734,-0.11042592,-0.20944852,0.027390128,0.29804617,0.2665721,0.0,0.6198526,-0.52186275,-0.37339115,-0.05590405,0.35312194,0.0,0.06413713,0.29938275,-2.622134,0.5843505,-1.1151707,0.4196983,-0.53232765,-2.651886,-0.78486294,0.48290914
1.3672311,-0.5472852,0.71378696,-0.1562798,0.08748928,0.9694675,-0.16749604,-0.16396269,-0.0319226,0.066202305,0.12788086,0.0,0.2747525,-0.5466317,-0.42423376,-0.043703653,0.43230784,0.0,-0.03010748,0.19764091,-2.167503,0.90712714,-0.9321649,0.2629032,-0.56343186,-2.4157598,-0.69417185,0.46314472
1.3711808,-0.5523693,0.6918354,-0.12878254,0.0647138,0.96586466,-0.2152501,-0.13609101,0.014077913,-0.029678268,0.1525273,0.0,0.056351274,-0.4632462,-0.4217702,-0.17603406,0.5239664,0.0,-0.16487579,-0.051665697,-1.2255157,1.3822616,-0.27256197,0.05541245,-0.5956796,-1.780985,-0.5338779,0.37541774
1.3793466,-0.5465771,0.67513174,-0.110233895,0.02699894,0.96141607,-0.25059664,-0.21622097,0.10091087,-0.1576245,0.27416313,0.0,-0.12162668,-0.42437005,-0.33484912,-0.21041057,0.5950367,0.0,-0.278145,-0.16486087,-0.35464782,1.4915739,0.205021,0.39594918,-0.52417076,-1.3384699,-0.17405786,0.66007173
1.3838568,-0.5456605,0.66451895,-0.09528412,0.018322831,0.95676595,-0.27419725,-0.23443662,0.11409251,-0.19071317,0.3241887,0.0,-0.2335079,-0.37268662,-0.32803228,-0.2666083,0.6041968,0.0,-0.342377,-0.12174018,-0.24974951,1.0631908,0.06788392,0.63944507,-0.46281937,-0.95796347,-0.026867256,1.0396376
1.391798,-0.5456893,0.6539806,-0.11195538,0.009685487,0.94684315,-0.30143028,-0.32437652,0.09666982,-0.2703969,0.3452048,0.0,-0.28992483,-0.42442364,-0.34097242,-0.25500506,0.64322674,0.0,-0.4024566,-0.07725872,-0.1241292,0.75762933,-0.08590812,0.9635595,-0.29091042,-0.74262494,0.06229028,1.2543186
1.392712,-0.549186,0.65049624,-0.10820634,0.0017430778,0.93312883,-0.34286863,-0.37767184,0.070209116,-0.16547826,0.49545407,0.0,-0.35228366,-0.386166,-0.35854918,-0.33867604,0.68112236,0.0,-0.4006781,-0.064830095,0.0043925904,0.510817,-0.056666832,1.173229,-0.18498372,-0.5381534,0.0020022602,1.4628224
1.3931421,-0.5542599,0.6491861,-0.105785914,-0.0028982998,0.9210519,-0.37478566,-0.41495544,0.051612508,-0.183982,0.54127836,0.0,-0.34983745,-0.35472387,-0.32430464,-0.2528321,0.66208655,0.0,-0.45376775,-0.053577077,0.14030239,0.39420775,-0.12666355,1.2873027,-0.062434874,-0.43586344,-0.07210292,1.5484213
1.3969853,-0.5609906,0.6478815,-0.103683814,-0.0118617155,0.92421055,-0.36734706,-0.42026183,0.06831043,-0.11088229,0.60617006,0.0,-0.40465662,-0.3487732,-0.29886127,-0.19945116,0.6272867,0.0,-0.4277202,0.00096871774,0.21759291,0.3235061,-0.108874984,1.3292398,0.0062115993,-0.38164502,-0.15538524,1.587407
1.4013158,-0.5672452,0.6505494,-0.09867963,-0.009881857,0.9256298,-0.36520424,-0.39819664,0.056877304,-0.09902084,0.5958357,0.0,-0.38861385,-0.31029004,-0.28609672,-0.13328362,0.56727135,0.0,-0.44844356,0.0020511781,0.23767287,0.2823754,-0.12486548,1.3639023,0.042193834,-0.35803813,-0.20629454,1.5953511
1.4059576,-0.57332736,0.65554243,-0.09682614,-0.014796511,0.92934066,-0.35599393,-0.36602658,0.065424964,-0.058417957,0.5463711,0.0,-0.38583773,-0.29393652,-0.2806445,-0.12918302,0.51561296,0.0,-0.39710835,0.020394605,0.22489254,0.282142,-0.1631734,1.3560252,0.07148565,-0.33426797,-0.21165408,1.577556
1.4102999,-0.5782044,0.66073734,-0.096785985,-0.016353624,0.9342346,-0.3428858,-0.33819926,0.067562595,-0.009806544,0.5053607,0.0,-0.36743903,-0.2816498,-0.2664172,-0.07222583,0.45238698,0.0,-0.36968362,0.01895959,0.190914,0.29289812,-0.18893401,1.3399662,0.07387529,-0.32920963,-0.204826,1.5528898
1.4134345,-0.5829802,0.6658436,-0.0941965,-0.016017225,0.9371445,-0.33560485,-0.29753634,0.063410155,0.02567121,0.44851357,0.0,-0.34583136,-0.25988975,-0.25241828,-0.021421554,0.40373242,0.0,-0.3393812,0.0073026773,0.1458027,0.3254887,-0.23093113,1.3097947,0.072878644,-0.33880407,-0.17131335,1.531767
1.4159489,-0.5870069,0.66999805,-0.0914065,-0.017547509,0.9393647,-0.3300468,-0.26784503,0.063183874,0.054195333,0.4084953,0.0,-0.32872316,-0.24090062,-0.23564476,0.015666373,0.3635657,0.0,-0.31745404,0.0013634393,0.09771669,0.36863607,-0.27457416,1.2871667,0.06569297,-0.35085607,-0.13449149,1.5164429
1.4179106,-0.59027576,0.6728809,-0.087710634,-0.020374723,0.94281536,-0.32092202,-0.24298485,0.06905781,0.08452469,0.38418326,0.0,-0.32239485,-0.22647934,-0.2227233,0.04273561,0.3296499,0.0,-0.2994281,0.002657567,0.05422347,0.41508135,-0.29214883,1.2729135,0.046406753,-0.35713214,-0.11673311,1.5087322
1.4195815,-0.59285575,0.67501086,-0.08488843,-0.022346841,0.94504696,-0.3149298,-0.22361748,0.071900874,0.107262194,0.36365128,0.0,-0.31761017,-0.21509972,-0.21694982,0.07127882,0.30494216,0.0,-0.28474844,0.0013213548,0.019305326,0.45047656,-0.29853237,1.249328,0.024138728,-0.35570863,-0.118220575,1.5071884
1.4212621,-0.59498435,0.67685944,-0.08377915,-0.024060618,0.9463718,-0.311099,-0.21290576,0.072643474,0.12282658,0.3490408,0.0,-0.3116067,-0.20987016,-0.21064654,0.09762227,0.28526196,0.0,-0.2735034,-0.0002101502,-0.00946123,0.47254416,-0.30801994,1.2319739,0.0077552563,-0.34954062,-0.11653521,1.5016948
1.4222687,-0.59711504,0.6791122,-0.080972016,-0.0272791,0.9481722,-0.3060537,-0.19729683,0.078605935,0.14128266,0.33282402,0.0,-0.30805594,-0.19863667,-0.20434953,0.106972806,0.26413977,0.0,-0.24638847,0.0007599641,-0.017171908,0.4930042,-0.31316555,1.22362,-0.002188678,-0.34457052,-0.10757115,1.5001929
1.4236082,-0.59857816,0.6797065,-0.08000812,-0.028246576,0.9494523,-0.302227,-0.19441622,0.08013926,0.15347317,0.3340888,0.0,-0.30923218,-0.19715415,-0.20012295,0.11530867,0.25415048,0.0,-0.24357936,0.0020002746,-0.02528757,0.5022577,-0.3036425,1.22827,-0.008603803,-0.3440643,-0.118162595,1.5019414
1.4238706,-0.60082227,0.68181753,-0.0760819,-0.030295027,0.95074534,-0.2989599,-0.1766056,0.08860971,0.1377531,0.31815472,0.0,-0.30666938,-0.1783388,-0.19568336,0.125722,0.23038575,0.0,-0.21320473,0.0014373976,-0.015077174,0.51905024,-0.303179,1.2193365,-0.01233457,-0.34006652,-0.10052316,1.4981909
1.426091,-0.60306174,0.6809906,-0.07598254,-0.029108085,0.9516047,-0.29635766,-0.17872393,0.08204951,0.1398989,0.32616696,0.0,-0.30849135,-0.18597285,-0.19173832,0.123937376,0.23508595,0.0,-0.22974935,0.00048831076,-0.022169257,0.5218982,-0.29380238,1.2316853,-0.017482284,-0.34689146,-0.10803767,1.4962198
1.4269735,-0.60711914,0.6829233,-0.071513474,-0.029113846,0.9538046,-0.29033598,-0.15121043,0.091288246,0.072943814,0.29510248,0.0,-0.3052066,-0.17082849,-0.19334105,0.13574168,0.22004618,0.0,-0.19928634,0.0021345655,-0.0018370278,0.533592,-0.3079431,1.2233016,-0.016820686,-0.35669068,-0.06991854,1.4874114
1.4299664,-0.6096882,0.6815457,-0.07201111,-0.027279977,0.9535779,-0.29113483,-0.15816942,0.07964966,0.061620858,0.3040261,0.0,-0.30296195,-0.1782844,-0.19301423,0.13782541,0.2277271,0.0,-0.21982346,-0.0019823906,-0.013655292,0.52467823,-0.28756747,1.2397895,-0.024321815,-0.3667802,-0.0831888,1.4857129
1.431165,-0.6136641,0.6831175,-0.068644784,-0.0280243,0.95402086,-0.2904251,-0.13344668,0.08010563,0.04074075,0.27222383,0.0,-0.29676676,-0.16784489,-0.19441175,0.1345655,0.22377394,0.0,-0.19654891,-0.0025084203,0.0016797001,0.53259695,-0.30764702,1.2286024,-0.023172336,-0.37664944,-0.06179893,1.487229
1.433756,-0.6150786,0.68191546,-0.06885401,-0.02637709,0.9528639,-0.29430217,-0.1467982,0.070918,0.026166053,0.28954452,0.0,-0.2920814,-0.1726876,-0.191918,0.12701151,0.23069139,0.0,-0.21983887,-0.008495143,-0.014072704,0.5277353,-0.27940592,1.2462615,-0.028906863,-0.3834485,-0.08453096,1.4911386
1.4344258,-0.61820424,0.68351144,-0.06487712,-0.028038807,0.95297605,-0.29468864,-0.1229019,0.07423955,0.013748792,0.26093334,0.0,-0.29031613,-0.16138819,-0.1891777,0.115881726,0.22926684,0.0,-0.19736834,-0.009736993,-0.0010319175,0.5373343,-0.29869738,1.2365445,-0.024856785,-0.38966423,-0.0614506,1.4934531
1.4359441,-0.61902785,0.68297505,-0.06365906,-0.02654698,0.95181197,-0.29882568,-0.1311762,0.06881603,0.0032545344,0.27676013,0.0,-0.2883564,-0.16007027,-0.18501265,0.11431209,0.2313629,0.0,-0.21462578,-0.014859158,-0.014302219,0.5325405,-0.27434257,1.2532172,-0.029094473,-0.39352512,-0.08436493,1.4991041
1.4358526,-0.6213606,0.68458456,-0.059512876,-0.02809495,0.95174325,-0.29975602,-0.10807991,0.07358389,-0.0033063178,0.25139895,0.0,-0.2855001,-0.14597471,-0.18095966,0.10552898,0.22681572,0.0,-0.19343632,-0.01525975,-0.0019129483,0.54339725,-0.2987347,1.239695,-0.023681032,-0.39722216,-0.060562473,1.4991308
1.4369161,-0.6221967,0.6840475,-0.057857163,-0.026763733,0.9510112,-0.30251288,-0.111315146,0.06930294,-0.010888836,0.2623547,0.0,-0.28419396,-0.14341664,-0.1789373,0.10402602,0.2292134,0.0,-0.20627816,-0.016469637,-0.012366257,0.5394228,-0.28476545,1.2515198,-0.026347477,-0.4013596,-0.07846782,1.5040435
1.436652,-0.6242054,0.68495524,-0.054511793,-0.027408203,0.95056427,-0.30447474,-0.09239032,0.07031423,-0.00899963,0.24292715,0.0,-0.28236145,-0.13058859,-0.17756109,0.09471995,0.2268451,0.0,-0.19315803,-0.018287644,-0.001704073,0.5440742,-0.30992094,1.2434473,-0.019701894,-0.40768507,-0.058546696,1.5051364
1.437194,-0.6249924,0.6846195,-0.05313888,-0.026013779,0.95007485,-0.30636147,-0.093509324,0.066613846,-0.011965455,0.25103936,0.0,-0.28282404,-0.12716167,-0.17806892,0.09075747,0.22816502,0.0,-0.20115472,-0.017174486,-0.006854187,0.53667974,-0.30776486,1.2512285,-0.018475236,-0.41308495,-0.07062781,1.5095547
1.4367685,-0.6265352,0.68525773,-0.050444275,-0.026088005,0.9497416,-0.30784032,-0.0779291,0.06686053,-0.010660319,0.23594162,0.0,-0.2800718,-0.11602524,-0.17773622,0.08598106,0.22570272,0.0,-0.19213721,-0.01768812,0.00085777044,0.5373657,-0.32891598,1.2454219,-0.011215564,-0.4175038,-0.057895295,1.5107924
1.4370203,-0.62728107,0.6850696,-0.049716894,-0.02535377,0.94956756,-0.30855602,-0.07799494,0.06466559,-0.011452125,0.24033429,0.0,-0.2808124,-0.11409997,-0.17929678,0.08408148,0.22728288,0.0,-0.19597767,-0.015841953,-0.0023364509,0.53416055,-0.33402732,1.2463963,-0.010301871,-0.42084992,-0.06526298,1.511945
1.4364998,-0.628461,0.6856393,-0.047368754,-0.025395485,0.94931716,-0.30969054,-0.06696828,0.06544069,-0.009300843,0.23224095,0.0,-0.28038266,-0.10389209,-0.17875253,0.081757106,0.22411789,0.0,-0.18918896,-0.016295707,0.0012030196,0.5377972,-0.34914935,1.2410302,-0.0069470126,-0.42102957,-0.059441697,1.5136521
1.436441,-0.6294719,0.6855412,-0.04649816,-0.025071125,0.9493537,-0.3097368,-0.06327544,0.06414623,-0.009084115,0.23154669,0.0,-0.28160548,-0.10211656,-0.1801834,0.081515804,0.2273803,0.0,-0.19117437,-0.014107984,0.0019075485,0.5387366,-0.35704628,1.2369475,-0.00832798,-0.42248327,-0.063832246,1.5146033
1.4357687,-0.6308547,0.68610144,-0.044441935,-0.024997309,0.94902176,-0.311059,-0.05496952,0.06447829,-0.0065846443,0.22818393,0.0,-0.28208295,-0.09250099,-0.18028526,0.07938876,0.2254306,0.0,-0.18602288,-0.013674906,0.005411426,0.5433332,-0.36828494,1.2287364,-0.0065091015,-0.42071602,-0.059699874,1.5162934
1.4353628,-0.6321907,0.68597716,-0.043565538,-0.024788316,0.9495002,-0.30973688,-0.049663328,0.06353539,-0.0031370863,0.22777358,0.0,-0.28518853,-0.09111041,-0.18160747,0.079835474,0.22876096,0.0,-0.18888016,-0.00946191,0.008375971,0.54733473,-0.37674326,1.2187846,-0.00856557,-0.42092705,-0.06402937,1.5173274
1.4346011,-0.63380677,0.6863411,-0.04203547,-0.024619037,0.949436,-0.31015825,-0.042607315,0.06300881,0.0015556962,0.22624697,0.0,-0.28714204,-0.083899915,-0.18231729,0.07815606,0.2283199,0.0,-0.18542673,-0.010216429,0.010927391,0.55176705,-0.38553786,1.208511,-0.007869889,-0.41884026,-0.062128022,1.5179883
1.434122,-0.63529897,0.6862324,-0.041655462,-0.024443557,0.9504064,-0.30723777,-0.03755686,0.061718572,0.009030517,0.22639501,0.0,-0.2912273,-0.084989406,-0.18381757,0.08245409,0.23188375,0.0,-0.18774685,-0.007207535,0.012440901,0.5550428,-0.39181203,1.1991223,-0.011768259,-0.4182123,-0.06506509,1.5174416
1.4333571,-0.6368267,0.68660265,-0.040749494,-0.024486968,0.95064616,-0.30661336,-0.032316286,0.061347432,0.015436749,0.22613508,0.0,-0.29411092,-0.080487534,-0.18414688,0.08411423,0.23141287,0.0,-0.18349221,-0.009882434,0.012728578,0.55843043,-0.395831,1.1920846,-0.014808762,-0.41559723,-0.064131476,1.516082
1.4328026,-0.6381178,0.6865998,-0.040782247,-0.02480254,0.9518987,-0.30267236,-0.029075716,0.061229188,0.025283165,0.22807728,0.0,-0.2991188,-0.08419836,-0.18404809,0.089684516,0.23512602,0.0,-0.18427342,-0.0073207677,0.012412609,0.56160444,-0.39789042,1.1867739,-0.021581385,-0.41380402,-0.06393444,1.513108
1.4319047,-0.6394938,0.6870462,-0.04020039,-0.025333267,0.95233196,-0.30134025,-0.024849076,0.062038302,0.03315897,0.22850789,0.0,-0.30268255,-0.081690945,-0.18311943,0.0943174,0.23496076,0.0,-0.17903164,-0.009600245,0.011984936,0.56548846,-0.39962763,1.1813445,-0.026967322,-0.4109175,-0.058069848,1.5091716
1.4315025,-0.6406934,0.68715817,-0.04070426,-0.025758447,0.9538926,-0.29625762,-0.0236045,0.061877914,0.045653243,0.2326175,0.0,-0.3083818,-0.0893488,-0.18192253,0.09883186,0.24081264,0.0,-0.178705,-0.0049917707,0.0086475285,0.5675122,-0.40338713,1.1778301,-0.037040055,-0.4075973,-0.05391249,1.5058957
1.4306456,-0.64200604,0.68777525,-0.039957795,-0.02627653,0.95426726,-0.29510483,-0.019435333,0.063129745,0.05304767,0.23345011,0.0,-0.31200168,-0.0862664,-0.1807092,0.103970885,0.24024135,0.0,-0.1711633,-0.0085154055,0.0055460823,0.57058626,-0.4055322,1.175379,-0.0468969,-0.4041556,-0.04491413,1.5027831
1.4307489,-0.64305526,0.68753785,-0.040967163,-0.026380187,0.9568155,-0.28658321,-0.020058965,0.061855756,0.0715114,0.24131896,0.0,-0.31999984,-0.09948931,-0.17930035,0.103782274,0.24623987,0.0,-0.17611131,0.0009937914,-0.0026272717,0.56689227,-0.4068588,1.1789762,-0.064835936,-0.40102628,-0.04273335,1.504179
1.4300282,-0.64429253,0.68787986,-0.03921379,-0.026205309,0.9565131,-0.28785107,-0.016234765,0.061895564,0.07358695,0.24418479,0.0,-0.3236356,-0.0899001,-0.17912833,0.105867475,0.24253614,0.0,-0.16991663,-0.007183753,-0.007335547,0.56748116,-0.40639547,1.1772131,-0.0739324,-0.40033683,-0.032868326,1.5012027
1.431399,-0.64570844,0.6868602,-0.042465426,-0.025081452,0.9607827,-0.27288127,-0.022441369,0.05473274,0.10227352,0.25729486,0.0,-0.3324183,-0.11916183,-0.17851041,0.10601617,0.2514824,0.0,-0.18754104,0.018988118,-0.03126974,0.5506608,-0.40698236,1.1905829,-0.09558657,-0.40096605,-0.034900665,1.5104386
1.4313397,-0.64788073,0.6874018,-0.039936632,-0.022330338,0.9611098,-0.2723497,-0.018345952,0.04977071,0.09038963,0.26032192,0.0,-0.3313129,-0.1067084,-0.18448478,0.113407195,0.24548706,0.0,-0.17930628,0.011954563,-0.036077604,0.5419521,-0.41705677,1.1887306,-0.09859215,-0.40020296,-0.019022373,1.5047702
1.4343854,-0.6507857,0.6856742,-0.047213692,-0.017888827,0.9681433,-0.24525376,-0.029432878,0.029051429,0.13513587,0.27605495,0.0,-0.33950892,-0.15733254,-0.19120248,0.13513449,0.24978545,0.0,-0.19998729,0.06500144,-0.06562658,0.51011246,-0.41119716,1.2023121,-0.10731624,-0.40780023,-0.005645817,1.5036305
1.4343854,-0.6507857,0.6856742,0.0,0.0,-0.9694507,0.24528608,-0.03667845,0.028083047,0.13063134,0.28412312,0.0,-0.33641863,-0.16031478,-0.18482906,0.13063,0.25872928,0.0,-0.20154771,0.062834725,-0.06343903,0.49310872,-0.3974906,1.162235,-0.10373903,-0.39420688,-0.0054576234,1.4535094
1.4343854,-0.6507857,0.6856854,0.0016287501,0.0006171182,-0.96944684,0.24529539,-0.04392402,0.027114667,0.12612681,0.2921913,0.0,-0.33332834,-0.16329704,-0.17845565,0.12612553,0.26767308,0.0,-0.20310815,0.060668014,-0.061251473,0.47610497,-0.38378403,1.1221579,-0.10016183,-0.38061354,-0.005269429,1.4033885
1.4343854,-0.6507857,0.68569666,0.0032574951,0.0012342345,-0.96944,0.24530394,-0.05116959,0.026146285,0.12162229,0.30025944,0.0,-0.330238,-0.16627929,-0.17208223,0.12162104,0.2766169,0.0,-0.20466857,0.0585013,-0.05906392,0.45910123,-0.37007743,1.0820808,-0.09658462,-0.3670202,-0.0050812354,1.3532674
1.4343854,-0.6507857,0.68570787,0.0048862305,0.001851347,-0.96943015,0.24531177,-0.05841516,0.025177905,0.117117755,0.30832762,0.0,-0.32714772,-0.16926153,-0.16570881,0.117116556,0.28556073,0.0,-0.20622899,0.056334585,-0.056876365,0.44209746,-0.35637087,1.0420039,-0.09300741,-0.35342687,-0.0048930417,1.3031465
1.4343854,-0.6507857,0.68571913,0.0065149507,0.002468454,-0.9694174,0.24531884,-0.06566073,0.024209524,0.11261323,0.3163958,0.0,-0.32405743,-0.17224379,-0.1593354,0.112612076,0.29450455,0.0,-0.2077894,0.05416787,-0.054688815,0.4250937,-0.3426643,1.0019268,-0.0894302,-0.33983353,-0.0047048475,1.2530254
1.4343854,-0.6507857,0.68573034,0.008143651,0.0030855536,-0.9694017,0.24532516,-0.0729063,0.023241144,0.1081087,0.32446396,0.0,-0.32096714,-0.17522603,-0.15296198,0.10810759,0.30344835,0.0,-0.20934984,0.052001156,-0.05250126,0.40808997,-0.32895774,0.9618497,-0.085852996,-0.32624018,-0.0045166537,1.2029045
1.4343854,-0.6507857,0.6857416,0.009772328,0.0037026436,-0.9693831,0.24533075,-0.08015187,0.022272762,0.10360417,0.33253214,0.0,-0.31787685,-0.17820828,-0.14658856,0.10360311,0.31239218,0.0,-0.21091026,0.04983444,-0.050313707,0.39108622,-0.31525114,0.9217726,-0.082275786,-0.31264684,-0.00432846,1.1527834
1.4343854,-0.6507857,0.6857528,0.011400973,0.0043197223,-0.96936154,0.2453356,-0.08739744,0.02130438,0.09909964,0.34060028,0.0,-0.31478655,-0.18119054,-0.14021514,0.09909862,0.321336,0.0,-0.21247068,0.047667723,-0.048126157,0.37408248,-0.30154458,0.88169557,-0.078698575,-0.2990535,-0.0041402658,1.1026623
1.4343854,-0.6507857,0.6857641,0.013029586,0.004936788,-0.96933705,0.24533969,-0.09464301,0.020336,0.09459511,0.34866846,0.0,-0.31169623,-0.18417278,-0.13384174,0.09459414,0.33027983,0.0,-0.2140311,0.04550101,-0.045938604,0.35707873,-0.287838,0.8416185,-0.075121365,-0.28546017,-0.003952072,1.0525414
1.4343854,-0.6507857,0.6857753,0.014658158,0.0055538393,-0.96930957,0.24534304,-0.10188858,0.019367618,0.09009058,0.35673663,0.0,-0.30860594,-0.18715502,-0.12746832,0.09008966,0.33922362,0.0,-0.21559153,0.043334294,-0.04375105,0.340075,-0.27413145,0.8015414,-0.07154416,-0.27186683,-0.003763878,1.0024203
1.4343854,-0.6507857,0.68578655,0.016286686,0.006170873,-0.9692792,0.24534565,-0.10913415,0.018399239,0.085586056,0.3648048,0.0,-0.30551565,-0.19013728,-0.121094905,0.08558518,0.34816745,0.0,-0.21715195,0.04116758,-0.0415635,0.32307124,-0.26042485,0.76146436,-0.06796695,-0.25827348,-0.0035756843,0.95229936
1.4343854,-0.6507857,0.68579775,0.017915163,0.0067878882,-0.96924585,0.24534751,-0.11637973,0.017430857,0.081081524,0.37287298,0.0,-0.30242535,-0.19311953,-0.114721484,0.08108069,0.35711128,0.0,-0.21871237,0.039000865,-0.039375946,0.30606747,-0.24671829,0.72138727,-0.06438974,-0.24468014,-0.0033874903,0.9021783
1.4343854,-0.6507857,0.685809,0.019543588,0.007404883,-0.9692096,0.24534863,-0.1236253,0.016462477,0.07657699,0.38094112,0.0,-0.29933506,-0.19610177,-0.10834807,0.07657621,0.3660551,0.0,-0.2202728,0.03683415,-0.037188392,0.28906372,-0.23301172,0.6813102,-0.060812537,-0.23108679,-0.0031992963,0.8520573
1.4343854,-0.6507857,0.6858202,0.021171952,0.008021855,-0.9691704,0.245349,-0.13087086,0.015494095,0.07207247,0.3890093,0.0,-0.29624477,-0.19908401,-0.10197465,0.07207172,0.3749989,0.0,-0.22183323,0.034667436,-0.035000842,0.27205998,-0.21930514,0.64123315,-0.057235327,-0.21749346,-0.0030111026,0.80193627
1.4343854,-0.6507857,0.6858315,0.022800252,0.008638803,-0.96912825,0.24534863,-0.13811643,0.014525714,0.06756794,0.39707747,0.0,-0.29315445,-0.20206627,-0.09560124,0.067567244,0.38394272,0.0,-0.22339365,0.03250072,-0.03281329,0.25505623,-0.20559858,0.60115606,-0.05365812,-0.20390011,-0.0028229086,0.75181526
1.4343854,-0.6507857,0.6858427,0.024428483,0.009255725,-0.9690832,0.24534751,-0.145362,0.0135573335,0.063063405,0.40514565,0.0,-0.29006416,-0.20504852,-0.089227825,0.063062765,0.39288655,0.0,-0.22495407,0.030334007,-0.030625736,0.23805249,-0.19189201,0.56107897,-0.050080914,-0.19030677,-0.0026347146,0.70169425
1.4343854,-0.6507857,0.68585396,0.026056642,0.009872618,-0.96903515,0.24534565,-0.15260758,0.012588953,0.058558878,0.41321382,0.0,-0.28697386,-0.20803076,-0.082854405,0.058558278,0.40183038,0.0,-0.22651449,0.028167292,-0.028438183,0.22104873,-0.17818543,0.52100194,-0.046503704,-0.17671344,-0.0024465208,0.65157324
1.4343854,-0.6507857,0.68586516,0.027684718,0.0104894815,-0.9689842,0.24534306,-0.15985315,0.011620572,0.05405435,0.421282,0.0,-0.28388357,-0.21101302,-0.07648099,0.054053795,0.41077417,0.0,-0.22807492,0.026000578,-0.02625063,0.20404498,-0.16447887,0.48092484,-0.042926498,-0.16312009,-0.0022583269,0.60145223
1.4343854,-0.6507857,0.6858764,0.029312713,0.011106313,-0.96893024,0.2453397,-0.16709872,0.01065219,0.04954982,0.42935014,0.0,-0.28079328,-0.21399526,-0.07010757,0.04954931,0.419718,0.0,-0.22963534,0.023833862,-0.024063079,0.18704124,-0.15077229,0.44084778,-0.039349288,-0.14952675,-0.0020701329,0.55133116
1.4343854,-0.6507857,0.68588763,0.030940618,0.011723111,-0.9688734,0.24533561,-0.17434429,0.009683809,0.04504529,0.4374183,0.0,-0.277703,-0.2169775,-0.06373416,0.04504483,0.42866182,0.0,-0.23119576,0.021667147,-0.021875525,0.1700375,-0.13706572,0.4007707,-0.03577208,-0.13593341,-0.001881939,0.50121015
1.4343854,-0.6507857,0.6858989,0.03256843,0.012339874,-0.9688136,0.24533078,-0.18158986,0.008715428,0.040540762,0.4454865,0.0,-0.27461267,-0.21995977,-0.057360742,0.040540345,0.43760565,0.0,-0.23275618,0.019500433,-0.019687973,0.15303373,-0.123359144,0.36069363,-0.03219487,-0.12234007,-0.0016937451,0.45108914
1.4343854,-0.6507857,0.6859101,0.034196142,0.012956599,-0.9687509,0.2453252,-0.18883543,0.0077470476,0.036036234,0.45355466,0.0,-0.27152237,-0.22294201,-0.050987326,0.03603586,0.44654945,0.0,-0.23431662,0.017333718,-0.017500421,0.13602999,-0.10965257,0.32061657,-0.028617663,-0.10874673,-0.0015055513,0.40096813
1.4343854,-0.6507857,0.6859214,0.03582375,0.013573285,-0.9686852,0.24531887,-0.196081,0.0067786667,0.031531703,0.46162283,0.0,-0.26843208,-0.22592425,-0.044613913,0.031531382,0.45549327,0.0,-0.23587704,0.0151670035,-0.015312868,0.11902624,-0.09594601,0.28053948,-0.025040457,-0.095153384,-0.0013173573,0.35084713
1.4343854,-0.6507857,0.6859326,0.037451252,0.01418993,-0.9686166,0.2453118,-0.20332658,0.005810286,0.027027175,0.46969098,0.0,-0.2653418,-0.22890651,-0.038240496,0.027026897,0.4644371,0.0,-0.23743746,0.013000289,-0.013125315,0.10202249,-0.082239434,0.24046242,-0.021463249,-0.081560045,-0.0011291634,0.30072612
1.4343854,-0.6507857,0.68594384,0.039078638,0.014806531,-0.9685451,0.24530399,-0.21057215,0.0048419046,0.022522645,0.47775915,0.0,-0.2622515,-0.23188876,-0.03186708,0.022522414,0.47338092,0.0,-0.23899788,0.0108335735,-0.010937762,0.08501875,-0.06853286,0.20038535,-0.01788604,-0.06796671,-0.0009409695,0.25060508
1.4343854,-0.6507857,0.68595505,0.040705904,0.015423087,-0.9684706,0.24529544,-0.21781772,0.0038735238,0.018018117,0.48582733,0.0,-0.2591612,-0.234871,-0.025493663,0.01801793,0.48232472,0.0,-0.24055831,0.008666859,-0.0087502105,0.068014994,-0.054826286,0.16030829,-0.014308832,-0.054373365,-0.00075277564,0.20048407
1.4343854,-0.6507857,0.6859663,0.04233305,0.016039597,-0.9683932,0.24528614,-0.2250633,0.002905143,0.013513587,0.4938955,0.0,-0.25607088,-0.23785326,-0.019120248,0.013513449,0.49126855,0.0,-0.24211873,0.0065001445,-0.0065626577,0.051011246,-0.041119717,0.12023121,-0.010731624,-0.040780023,-0.0005645817,0.15036306
1.4343854,-0.6507857,0.6859775,0.043960065,0.016656058,-0.9683128,0.24527608,-0.23230886,0.0019367619,0.009009059,0.5019637,0.0,-0.2529806,-0.2408355,-0.012746831,0.009008965,0.5002124,0.0,-0.24367915,0.0043334295,-0.0043751053,0.034007497,-0.027413143,0.08015414,-0.007154416,-0.027186682,-0.00037638782,0.10024203
1.4343854,-0.6507857,0.6859888,0.045586947,0.017272469,-0.96822953,0.24526529,-0.23955444,0.00096838095,0.0045045293,0.5100318,0.0,-0.2498903,-0.24381775,-0.0063734157,0.0045044827,0.50915617,0.0,-0.24523957,0.0021667148,-0.0021875526,0.017003749,-0.013706571,0.04007707,-0.003577208,-0.013593341,-0.00018819391,0.050121017
1.4343854,-0.6507857,0.686,0.047213692,0.017888827,-0.9681433,0.24525376,-0.2468,0.0,0.0,0.5181,0.0,-0.2468,-0.2468,0.0,0.0,0.5181,0.0,-0.2468,0.0,0.0,0.0,0.0,0.0,0.0,0.0,0.0,0.0
