2.3753302,2.1147857,0.7144396,0.0233021,0.0126185585,-0.7324964,0.680255,-0.025792979,-0.0674493,0.11893633,0.10171719,0.0,-0.073507816,-0.028982118,0.05821923,-0.23039769,0.13645722,0.0,-0.1560275,-0.02735734,-0.20150162,1.5669994,-0.21329723,1.2648847,-0.2085999,-1.6093706,-0.03595749,1.1993517
2.3752894,2.111095,0.7136535,0.018599207,0.008217955,-0.73891115,0.673496,-0.010465119,-0.066791706,0.14245878,0.120586686,0.0,-0.095598996,-0.024080519,0.054289836,-0.2146075,0.16567077,0.0,-0.1754934,-0.0075806845,-0.19355127,1.5769013,-0.24272086,1.2750036,-0.20019102,-1.6206895,-0.0056704087,1.2130588
2.3748388,2.1103537,0.71355474,0.018667003,0.0080108885,-0.7387863,0.6736336,-0.0101612145,-0.06640138,0.1423061,0.12309976,0.0,-0.09769332,-0.024059469,0.054100644,-0.21525416,0.16902271,0.0,-0.17855288,-0.0065093706,-0.19410643,1.5775793,-0.24090952,1.2740473,-0.20110647,-1.6206598,-0.0033563846,1.2137017
2.3743658,2.109773,0.713521,0.0189918,0.008080334,-0.73824614,0.67421556,-0.010203704,-0.06601701,0.14073505,0.12351186,0.0,-0.09800966,-0.023540234,0.054378517,-0.21706983,0.16928141,0.0,-0.17983106,-0.006904347,-0.19482592,1.5782124,-0.2404113,1.2734172,-0.2024189,-1.6204346,-0.0022050438,1.2137809
2.3738723,2.109201,0.71349573,0.019351419,0.008180848,-0.7377624,0.67473346,-0.010171829,-0.06562089,0.13933359,0.1235745,0.0,-0.09813393,-0.023016663,0.05472733,-0.21870856,0.16922475,0.0,-0.18087195,-0.007150059,-0.19547267,1.5785888,-0.24016541,1.2728939,-0.20312496,-1.6203862,-0.0013762802,1.2139504
2.3733757,2.1086519,0.71347225,0.019725304,0.008304878,-0.73740435,0.6751124,-0.010173617,-0.06520251,0.13829757,0.123614274,0.0,-0.09826536,-0.022734871,0.055087563,-0.21992585,0.16934039,0.0,-0.18186405,-0.0069713024,-0.19603515,1.5785006,-0.23922957,1.2723303,-0.20322557,-1.6206071,-0.00085587223,1.2142555
2.372874,2.108129,0.71344846,0.020106895,0.008429627,-0.73716664,0.67535913,-0.010203043,-0.06478358,0.13761641,0.1237002,0.0,-0.09843953,-0.02268653,0.055425502,-0.2207382,0.16970007,0.0,-0.18284975,-0.006451679,-0.19649474,1.5780019,-0.23741774,1.2717707,-0.20274924,-1.6210814,-0.00064539094,1.2145847
2.3723693,2.1076164,0.7134203,0.020460276,0.008534225,-0.7370433,0.6754818,-0.010159151,-0.06434748,0.13728802,0.12386896,0.0,-0.09871246,-0.022741023,0.055763032,-0.22119251,0.17029728,0.0,-0.18387093,-0.0057561174,-0.19669896,1.5777129,-0.23653267,1.2716144,-0.201792,-1.6218393,-0.0011878341,1.2145624
2.371861,2.1071134,0.7133888,0.020760136,0.008594661,-0.7370798,0.6754321,-0.009903163,-0.06390142,0.13747783,0.12405233,0.0,-0.09909385,-0.02281954,0.056084793,-0.22118439,0.17110153,0.0,-0.1849019,-0.0047342964,-0.19679739,1.5775151,-0.23650391,1.2716932,-0.20073663,-1.6227812,-0.0023124681,1.2140113
2.3713605,2.1066349,0.7133546,0.021019913,0.008616462,-0.7372503,0.67523766,-0.009581095,-0.06346225,0.1380823,0.12435533,0.0,-0.099593736,-0.023049122,0.05636088,-0.22077307,0.17227687,0.0,-0.18601137,-0.0034192922,-0.1971933,1.5771921,-0.23670638,1.2719345,-0.19996946,-1.6237291,-0.0033114017,1.2130657
2.3708763,2.1061792,0.71332353,0.021258019,0.008592223,-0.7372134,0.67527086,-0.009376832,-0.06306868,0.13806225,0.12490312,0.0,-0.10007781,-0.022938423,0.056604985,-0.22103184,0.17308344,0.0,-0.18702334,-0.0027785678,-0.19788672,1.5767378,-0.23684926,1.2722505,-0.19984928,-1.6246753,-0.003943371,1.212339
2.3704047,2.105745,0.7132949,0.021479897,0.008554183,-0.73712283,0.6753631,-0.009200123,-0.06268878,0.13788132,0.12549467,0.0,-0.10053429,-0.02272515,0.056832504,-0.22146666,0.1737472,0.0,-0.18796007,-0.0023183222,-0.19836009,1.5763468,-0.23697971,1.2724497,-0.20035608,-1.6255798,-0.00416295,1.2118717
2.369947,2.1053276,0.71326834,0.021683777,0.00849545,-0.73701173,0.67547864,-0.008963642,-0.062342104,0.13764901,0.12597439,0.0,-0.10091651,-0.022413487,0.057061605,-0.22198442,0.1742945,0.0,-0.18882929,-0.001946132,-0.19935897,1.5759816,-0.23738173,1.2726961,-0.20149511,-1.62652,-0.0039577745,1.2117178
2.3695073,2.1049254,0.71324456,0.021904288,0.008451696,-0.73688835,0.67560667,-0.008680118,-0.06204388,0.13738395,0.12618671,0.0,-0.10114814,-0.022111751,0.0572935,-0.22255504,0.17471215,0.0,-0.18961036,-0.0016761245,-0.20033999,1.5756223,-0.23759162,1.2729744,-0.20282279,-1.6274452,-0.0037275702,1.2118515
2.3690896,2.104548,0.713225,0.022146335,0.008421122,-0.7367423,0.67575836,-0.008406736,-0.061803076,0.1370437,0.12618393,0.0,-0.101233184,-0.021859925,0.057490155,-0.22310045,0.17503117,0.0,-0.19030157,-0.0016123728,-0.20111886,1.5752773,-0.2379284,1.2733994,-0.20316528,-1.6282476,-0.0042533586,1.2120177
2.3687022,2.1042023,0.71320724,0.02240275,0.008393723,-0.7365957,0.6759101,-0.0081905695,-0.061633255,0.13669035,0.1261123,0.0,-0.10127365,-0.021706894,0.057614014,-0.22365062,0.17536753,0.0,-0.19094463,-0.0017284635,-0.20144777,1.5750524,-0.23831047,1.2739718,-0.20265679,-1.629079,-0.005232261,1.2121346
2.368354,2.1038861,0.71318865,0.02264968,0.008358068,-0.73648834,0.6760193,-0.007975561,-0.06152998,0.13645498,0.1260245,0.0,-0.10131178,-0.021650821,0.0576642,-0.22405766,0.1758138,0.0,-0.19157375,-0.0018638907,-0.20136331,1.575073,-0.23854826,1.2745396,-0.20218684,-1.6297684,-0.006192456,1.21224
2.3680336,2.103611,0.713171,0.022883205,0.008308989,-0.7364095,0.6760979,-0.007793261,-0.061468266,0.13629745,0.12596166,0.0,-0.10134831,-0.021682752,0.057660382,-0.22435965,0.17635131,0.0,-0.19217668,-0.0020563183,-0.20116198,1.5752667,-0.2386888,1.274889,-0.20207958,-1.6302567,-0.0069359364,1.2121999
2.3677437,2.1033738,0.7131546,0.023090126,0.008246041,-0.7363512,0.67615515,-0.007614526,-0.061414298,0.13619857,0.1259203,0.0,-0.101386346,-0.021743206,0.057627223,-0.22459334,0.17692634,0.0,-0.19274285,-0.0022890824,-0.20111345,1.5755137,-0.23887224,1.2748431,-0.20266844,-1.6304028,-0.0072474605,1.21188
2.3674896,2.103148,0.7131381,0.023256475,0.008182454,-0.7363463,0.67615557,-0.0073336326,-0.06141439,0.13627578,0.12579569,0.0,-0.10144165,-0.02177228,0.057597615,-0.22466706,0.17746438,0.0,-0.19325605,-0.0024121131,-0.20141144,1.5757766,-0.23894636,1.2745883,-0.20391434,-1.6301163,-0.0064297565,1.2114048
2.3672957,2.102942,0.7131228,0.023400666,0.008124649,-0.7363416,0.6761564,-0.007030845,-0.06145031,0.13641182,0.12563649,0.0,-0.10150663,-0.021781987,0.057513975,-0.22471268,0.17795908,0.0,-0.19371979,-0.0025535054,-0.2021909,1.5759951,-0.23874477,1.274263,-0.20515713,-1.6295424,-0.005507386,1.2107322
2.367146,2.1027677,0.7131091,0.023504777,0.008056142,-0.7363246,0.6761721,-0.006716104,-0.06151462,0.1365255,0.12550135,0.0,-0.101584576,-0.021734685,0.05741103,-0.224794,0.17840664,0.0,-0.19413736,-0.0025463887,-0.20349257,1.5761806,-0.23824967,1.2736416,-0.2062363,-1.628751,-0.00477111,1.2099313
2.3670304,2.1026196,0.71309537,0.023567298,0.007969593,-0.7363142,0.67618227,-0.0063943984,-0.06158785,0.13657445,0.12543862,0.0,-0.10169501,-0.02159615,0.0573068,-0.22491796,0.1787766,0.0,-0.19453616,-0.0025201726,-0.20523195,1.5762485,-0.23762982,1.272797,-0.20724824,-1.6277827,-0.004266786,1.2091994
2.3669453,2.1024804,0.7130805,0.023606336,0.007878079,-0.7362975,0.67620015,-0.006064576,-0.061690904,0.13653429,0.12541524,0.0,-0.10184113,-0.021385688,0.057181444,-0.2250444,0.17905846,0.0,-0.19493212,-0.0025732515,-0.20737159,1.5761677,-0.23718195,1.2721618,-0.20728415,-1.62683,-0.0045162556,1.2088912
2.366883,2.102349,0.7130631,0.023635732,0.007769706,-0.7362182,0.6762867,-0.0058148135,-0.061826162,0.13639706,0.12555243,0.0,-0.1020619,-0.021114843,0.057011023,-0.22534873,0.17932513,0.0,-0.1953849,-0.0029144562,-0.20992893,1.5759224,-0.23729107,1.27265,-0.2069104,-1.6260186,-0.004561002,1.2090855
2.3668382,2.1022246,0.71304524,0.023638217,0.007661401,-0.7361433,0.6763694,-0.0055603934,-0.061960954,0.13625954,0.1257455,0.0,-0.10233296,-0.020788068,0.056845527,-0.22565444,0.17954235,0.0,-0.19582997,-0.0032658984,-0.21235482,1.5756038,-0.23597434,1.2737044,-0.20744641,-1.6254896,-0.003568666,1.2098721
2.3668244,2.1021283,0.7130309,0.023625845,0.007577839,-0.73609805,0.67642003,-0.005360156,-0.06206419,0.13621552,0.12595236,0.0,-0.10260932,-0.020524472,0.056709927,-0.2258474,0.17971966,0.0,-0.19618408,-0.0034798004,-0.21398394,1.5756344,-0.23173481,1.2744968,-0.20818366,-1.6249053,-0.0025769747,1.2109898
2.3668315,2.1020532,0.7130175,0.023557805,0.0074958797,-0.73611146,0.6764087,-0.0050776238,-0.06209578,0.13634612,0.12616284,0.0,-0.10292175,-0.020246541,0.056649,-0.22587967,0.1799255,0.0,-0.19648047,-0.0036022684,-0.21475068,1.5769507,-0.22719863,1.2743949,-0.20909326,-1.6242126,-0.001728256,1.2116208
2.3668506,2.1020045,0.71300673,0.023438424,0.007404044,-0.7361786,0.6763409,-0.0047093215,-0.062096395,0.13664861,0.12636688,0.0,-0.10325421,-0.019970438,0.05660747,-0.22575921,0.18019427,0.0,-0.19671735,-0.0036436655,-0.21545476,1.5789369,-0.2232093,1.2734194,-0.2098222,-1.6236628,-0.0014974992,1.2117457
2.3668764,2.1019692,0.71299726,0.02331033,0.007314911,-0.7362949,0.6762195,-0.0043217237,-0.062104773,0.13709424,0.12654886,0.0,-0.10360137,-0.019780258,0.056561895,-0.22547776,0.18055174,0.0,-0.19690607,-0.0036581985,-0.21596357,1.5812054,-0.22075918,1.2718681,-0.21038136,-1.6234832,-0.00254147,1.2110027
2.3669055,2.1019363,0.71298724,0.02318121,0.007230111,-0.7364442,0.67606235,-0.0039197993,-0.062119033,0.1376357,0.1267183,0.0,-0.10397421,-0.019668387,0.056467496,-0.22508547,0.18101177,0.0,-0.19709338,-0.0036957175,-0.21600617,1.5836679,-0.2195157,1.2701885,-0.21079473,-1.6238036,-0.0043083206,1.2094564
2.3669472,2.1019006,0.7129786,0.023031326,0.007133967,-0.736571,0.6759303,-0.00344862,-0.062125888,0.13812034,0.12684153,0.0,-0.10433099,-0.01947156,0.05637293,-0.2247748,0.18142621,0.0,-0.19725068,-0.0038493164,-0.21549113,1.5861014,-0.21859296,1.2678936,-0.2110572,-1.6245524,-0.005424998,1.2078012
2.3669987,2.101854,0.71297,0.02286547,0.0070275683,-0.7366668,0.6758327,-0.0028943485,-0.06213564,0.13852927,0.12689276,0.0,-0.1046617,-0.019173888,0.056298915,-0.22457413,0.18175285,0.0,-0.19737475,-0.004090566,-0.2148772,1.5884293,-0.21685776,1.2654765,-0.21139804,-1.6254804,-0.006184562,1.2062066
2.3670492,2.1017973,0.71296173,0.02269595,0.0069203028,-0.73671186,0.67579037,-0.0023070427,-0.062155098,0.1387974,0.1268802,0.0,-0.104949914,-0.018762931,0.056260247,-0.22454579,0.18199474,0.0,-0.19750287,-0.0044043395,-0.21464224,1.5903918,-0.21519597,1.2635791,-0.21228048,-1.626366,-0.0069438084,1.204823
2.3670964,2.1017358,0.7129539,0.022542771,0.0067973295,-0.73670197,0.67580754,-0.0017258688,-0.062233593,0.1388957,0.12683125,0.0,-0.10518957,-0.018286169,0.056213323,-0.2246265,0.18216804,0.0,-0.19761781,-0.0046527945,-0.21515639,1.5915806,-0.21393333,1.2622284,-0.21268487,-1.6273404,-0.0073503405,1.2039832
2.3671482,2.101684,0.7129499,0.022394028,0.0066598007,-0.73667306,0.6758454,-0.0011570362,-0.062316224,0.13893187,0.12678248,0.0,-0.10539517,-0.017771317,0.056152634,-0.2248754,0.18226762,0.0,-0.19768962,-0.0047314726,-0.21634704,1.59184,-0.21448396,1.2612598,-0.2125443,-1.6280726,-0.007844088,1.2033023
2.3671796,2.1016366,0.71294844,0.022235723,0.006529264,-0.736669,0.6758563,-0.0005554393,-0.0623588,0.13904043,0.12668918,0.0,-0.10557442,-0.017225476,0.056116953,-0.22509095,0.18228623,0.0,-0.19770059,-0.0047933995,-0.218114,1.5917032,-0.21587275,1.2609013,-0.21203904,-1.628345,-0.008466216,1.2025235
2.367191,2.1015873,0.7129473,0.022056188,0.006419154,-0.7367067,0.67582214,7.733121e-05,-0.06230047,0.13927016,0.12659739,0.0,-0.10576861,-0.016631909,0.056226693,-0.22516787,0.18220888,0.0,-0.19764942,-0.0049150465,-0.22017342,1.5914084,-0.21742049,1.2609982,-0.21169487,-1.6282401,-0.009203946,1.2017702
2.3671818,2.1015296,0.7129447,0.021862166,0.006308543,-0.736775,0.6757551,0.0007452495,-0.06218646,0.13959718,0.1265496,0.0,-0.106002055,-0.015967663,0.05637405,-0.22519246,0.18208176,0.0,-0.19759642,-0.004989013,-0.22245084,1.5910666,-0.2192331,1.2615385,-0.21172437,-1.6279436,-0.00978173,1.2008741
2.3671527,2.1014652,0.7129385,0.021641634,0.006191815,-0.736857,0.6756738,0.0014433311,-0.061999086,0.13996826,0.12659568,0.0,-0.10628751,-0.015258114,0.056569625,-0.2251748,0.18196397,0.0,-0.19756831,-0.0050915712,-0.22311859,1.5910408,-0.22046013,1.2623253,-0.21166763,-1.6277845,-0.010356777,1.2000761
2.367111,2.101387,0.71292967,0.021378253,0.006070386,-0.73694956,0.6755823,0.002198701,-0.06173023,0.14038572,0.12676015,0.0,-0.106655225,-0.014506908,0.056818083,-0.22508779,0.18189055,0.0,-0.19758588,-0.005259401,-0.22237961,1.591499,-0.22136885,1.2630692,-0.21147308,-1.6279001,-0.010071811,1.1992484
2.3670518,2.1013055,0.7129171,0.021051804,0.005923223,-0.7370544,0.6754795,0.003037959,-0.061367124,0.14085923,0.12708932,0.0,-0.1071147,-0.013685107,0.05715099,-0.22496144,0.18192595,0.0,-0.19767755,-0.005380256,-0.22209626,1.5920644,-0.22256668,1.262837,-0.21132185,-1.6282052,-0.009963311,1.1982824
2.3669713,2.1012328,0.7129001,0.020689838,0.0057335803,-0.73717517,0.67536056,0.003900466,-0.060930107,0.14138415,0.12762418,0.0,-0.10767223,-0.0128780445,0.05749131,-0.22473761,0.1821943,0.0,-0.19789624,-0.0052110525,-0.22413789,1.5921408,-0.22439006,1.2615716,-0.21129046,-1.6287779,-0.010531181,1.1972845
2.3668814,2.1011736,0.712879,0.020351011,0.0055522546,-0.73731744,0.675217,0.004620672,-0.06050586,0.14194949,0.12832193,0.0,-0.10827948,-0.012231315,0.057833847,-0.22452669,0.18264087,0.0,-0.19818802,-0.004818802,-0.22744668,1.5918114,-0.22536102,1.2597386,-0.21160425,-1.6294584,-0.0117288055,1.1961981
2.3667905,2.101122,0.712856,0.020053865,0.005391045,-0.73742324,0.67511165,0.005186517,-0.060133774,0.14238212,0.12907025,0.0,-0.1088618,-0.011680744,0.058123205,-0.22443128,0.1831337,0.0,-0.1985401,-0.0044530784,-0.23159789,1.5909417,-0.22488728,1.2572976,-0.21233864,-1.6300124,-0.013399168,1.1949931
2.3667092,2.1010895,0.71283203,0.019753637,0.005232723,-0.7374475,0.67509526,0.0057025366,-0.05977659,0.14256659,0.1297818,0.0,-0.109344795,-0.0110292025,0.058394384,-0.22460894,0.18352118,0.0,-0.19890612,-0.0042018224,-0.23600292,1.5898651,-0.21922684,1.2533262,-0.21347836,-1.6306179,-0.014403114,1.1940163
2.3666365,2.101139,0.7128139,0.019441344,0.005099861,-0.7374043,0.67515254,0.0059648314,-0.059304804,0.14248687,0.1306004,0.0,-0.10968235,-0.010389527,0.05873666,-0.22505857,0.18378235,0.0,-0.19917135,-0.003879627,-0.2403643,1.5884061,-0.20587969,1.2464062,-0.21480222,-1.6310432,-0.014911042,1.1935306
2.366553,2.1012375,0.7127919,0.019112464,0.004983465,-0.7373281,0.67524594,0.006071866,-0.058741905,0.14227231,0.13154079,0.0,-0.10997801,-0.009641427,0.059157904,-0.22578856,0.18395172,0.0,-0.19944079,-0.0033068,-0.24499139,1.5880923,-0.1923011,1.236819,-0.21525024,-1.6316121,-0.0153352795,1.193543
2.3664427,2.1013284,0.71277106,0.018774645,0.0048372387,-0.73728704,0.6753014,0.0064471583,-0.058201674,0.14220893,0.13214414,0.0,-0.11016558,-0.008835112,0.05962433,-0.22632064,0.18397236,0.0,-0.19963405,-0.0028761653,-0.25006256,1.5892282,-0.181875,1.2260102,-0.21502262,-1.6323503,-0.015953386,1.1936902
2.3663254,2.1013856,0.71275616,0.018526267,0.00475597,-0.7373095,0.67528427,0.0069585,-0.057737067,0.14238653,0.13213725,0.0,-0.110114865,-0.0082408255,0.06007419,-0.22646509,0.18377845,0.0,-0.19969203,-0.0026230654,-0.25078934,1.5923785,-0.17245278,1.2158324,-0.21424678,-1.6331052,-0.016482221,1.1934257
2.3661897,2.1013896,0.71274185,0.018375726,0.004703598,-0.7374503,0.67513496,0.0077136876,-0.057405666,0.14298722,0.13151109,0.0,-0.109891474,-0.007878453,0.06048337,-0.22612701,0.18359882,0.0,-0.19975348,-0.0025484646,-0.24817453,1.5964283,-0.16425638,1.2083509,-0.21275334,-1.6339977,-0.017052777,1.1930444
2.366056,2.1013863,0.7127315,0.01830086,0.0046361834,-0.73769176,0.6748737,0.008620519,-0.05726312,0.14393815,0.13048412,0.0,-0.10953347,-0.0077492814,0.060721654,-0.22540475,0.18357925,0.0,-0.19986369,-0.0024562613,-0.24533321,1.6001601,-0.15942724,1.2029057,-0.21121879,-1.6345787,-0.017492468,1.1924996
2.3659518,2.1014078,0.71272767,0.018346997,0.0045911428,-0.7379759,0.67456204,0.009361729,-0.057339888,0.14498761,0.12923676,0.0,-0.10908211,-0.007975083,0.060746588,-0.22445951,0.18367437,0.0,-0.19996917,-0.00242418,-0.24256846,1.6039433,-0.15761776,1.1996253,-0.21107952,-1.6345764,-0.016477354,1.1919259
2.3658817,2.1015155,0.7127192,0.018519392,0.004572739,-0.7383073,0.67419463,0.009777265,-0.05762557,0.14610094,0.12789816,0.0,-0.10878182,-0.008654936,0.06055721,-0.22329918,0.18390727,0.0,-0.20000428,-0.0024706014,-0.24035083,1.6076329,-0.15712415,1.1980009,-0.21068035,-1.6339011,-0.017688844,1.1900529
2.365795,2.1017501,0.7127043,0.018686503,0.004445825,-0.7385311,0.6739458,0.0099576395,-0.05800698,0.14680625,0.12692828,0.0,-0.10868422,-0.009246969,0.06024927,-0.22250468,0.18403645,0.0,-0.19998166,-0.002866167,-0.24116756,1.6083378,-0.1553059,1.1965042,-0.21450944,-1.633053,-0.01673526,1.1865971
2.3656974,2.102141,0.71267205,0.019108191,0.0044600884,-0.73851544,0.67395097,0.00850036,-0.05839899,0.14642632,0.12713742,0.0,-0.1087453,-0.010422136,0.059890088,-0.22222906,0.18370897,0.0,-0.19993272,-0.0040687947,-0.238105,1.6073484,-0.15538225,1.1974142,-0.21633787,-1.6310459,-0.019516047,1.1811073
2.3657541,2.1025836,0.7126083,0.019151298,0.0045031277,-0.7387355,0.67370826,0.006602532,-0.0582887,0.14670233,0.12939414,0.0,-0.10980867,-0.010934886,0.05995147,-0.22136839,0.1828311,0.0,-0.19925618,-0.005588394,-0.22727138,1.6090055,-0.15377676,1.1978321,-0.22900113,-1.6181446,-0.030155204,1.1693587
2.3658254,2.1033776,0.7124885,0.019422647,0.0045715347,-0.738572,0.67387927,0.0016690297,-0.05819301,0.14522837,0.13509414,0.0,-0.11129504,-0.012386728,0.059736975,-0.22139372,0.18207794,0.0,-0.19817828,-0.01014002,-0.20832318,1.608464,-0.14536327,1.1950952,-0.23686615,-1.5983005,-0.051452935,1.1503665
2.3660815,2.1051197,0.71232516,0.019646324,0.0047021545,-0.7378034,0.6747133,-0.0077252053,-0.057780962,0.14105134,0.1457687,0.0,-0.11281637,-0.016252697,0.059312128,-0.22270545,0.18330061,0.0,-0.19680245,-0.018641967,-0.17170183,1.6031519,-0.12290665,1.1830498,-0.24665086,-1.5576469,-0.10350012,1.1052859
2.36646,2.1075015,0.71208364,0.01997155,0.004375069,-0.7363671,0.6762732,-0.020873616,-0.058088124,0.13419288,0.162069,0.0,-0.11513374,-0.02162459,0.05757797,-0.22573283,0.18703422,0.0,-0.19606702,-0.025798231,-0.15755256,1.5778817,-0.09132778,1.152242,-0.22587858,-1.5097845,-0.15446228,1.0513449
2.366929,2.1103017,0.7118041,0.020520905,0.004266691,-0.7347349,0.6780305,-0.03765306,-0.05834992,0.12603347,0.18238886,0.0,-0.11796071,-0.029060628,0.055592265,-0.228862,0.1921601,0.0,-0.19536595,-0.03045784,-0.14631824,1.5326856,-0.053358905,1.0990587,-0.19145928,-1.4531718,-0.1883668,0.9994624
2.3674011,2.113112,0.71141124,0.021381404,0.0047296477,-0.7338544,0.6789537,-0.05650945,-0.058148813,0.11961543,0.20472611,0.0,-0.12264445,-0.039381005,0.053813152,-0.22915395,0.1995909,0.0,-0.19526127,-0.031267878,-0.112124704,1.4779726,-0.019677049,1.0418324,-0.15546738,-1.3856384,-0.207247,0.94828755
2.3677378,2.1155117,0.7111582,0.023055835,0.005438194,-0.7338977,0.67884684,-0.079090126,-0.05823307,0.11509287,0.2320918,0.0,-0.12440355,-0.052043565,0.051229894,-0.22617586,0.20873916,0.0,-0.19598012,-0.025758553,-0.060373932,1.403035,0.0038278364,0.976672,-0.0973171,-1.3126891,-0.19991113,0.90869904
2.3680453,2.116647,0.71085024,0.025118794,0.0061573978,-0.73346096,0.6792394,-0.10705027,-0.058253497,0.10846219,0.2711918,0.0,-0.12424395,-0.06457835,0.04751943,-0.22469483,0.22114441,0.0,-0.20069268,-0.018678298,0.008761819,1.3198925,0.008599328,0.91078883,-0.014768177,-1.230728,-0.18885164,0.87675387
2.3683794,2.1171916,0.71063536,0.030322678,0.008684003,-0.73147637,0.68113685,-0.14500943,-0.060808327,0.09578251,0.31282336,0.0,-0.11701127,-0.082335286,0.04213404,-0.22563542,0.23042594,0.0,-0.20450553,-0.014314074,0.075937115,1.2227793,-0.016002987,0.8506145,0.06558746,-1.1416159,-0.1490927,0.8518917
2.3687031,2.1162293,0.7096472,0.035226747,0.011422694,-0.7282937,0.6842637,-0.19466881,-0.06295116,0.07723891,0.3805677,0.0,-0.115182415,-0.100827254,0.036155064,-0.23028035,0.24838348,0.0,-0.21623595,-0.01055331,0.1478627,1.1236731,-0.062475026,0.79039943,0.14657001,-1.0552071,-0.075387456,0.8220409
2.3695278,2.1142535,0.70879066,0.042266227,0.014555494,-0.725258,0.6870244,-0.25954926,-0.06911104,0.055883165,0.4692307,0.0,-0.09652257,-0.12222508,0.026525827,-0.23269957,0.26665214,0.0,-0.22905502,-0.0058099935,0.20177297,1.0238727,-0.14375983,0.7489509,0.21862496,-0.98245746,0.019539835,0.7913754
2.37075,2.1116154,0.70711297,0.049094263,0.017840153,-0.722014,0.6899038,-0.3319545,-0.07657759,0.034972787,0.5699709,0.0,-0.06639705,-0.14554456,0.015850017,-0.23496851,0.29198423,0.0,-0.24718647,-0.0058532986,0.24361376,0.93271434,-0.24340186,0.73152393,0.27239227,-0.9161805,0.10828319,0.7453228
2.3727736,2.1088336,0.7049993,0.05477719,0.021963712,-0.7164601,0.6951273,-0.41295144,-0.08684008,-0.0050228713,0.68103224,0.0,-0.026055882,-0.16779609,0.0059538553,-0.24373686,0.3195267,0.0,-0.26792428,-0.022687692,0.27969673,0.85192597,-0.3531062,0.7601985,0.30326504,-0.84603226,0.15798327,0.6974102
2.3760293,2.1072307,0.70424366,0.060316104,0.024329253,-0.7112888,0.6998845,-0.48682672,-0.099168725,-0.039302226,0.77789015,0.0,0.023117851,-0.18438305,-0.007587468,-0.25105086,0.33645457,0.0,-0.28009066,-0.038435295,0.29101852,0.76835895,-0.44519034,0.8120369,0.3149771,-0.77836436,0.17060988,0.67337024
2.3789878,2.1066418,0.70383,0.06473112,0.024072312,-0.70649594,0.7043394,-0.5525872,-0.112868845,-0.07267589,0.8677064,0.0,0.05615853,-0.19799168,-0.023693442,-0.25790626,0.35622904,0.0,-0.291974,-0.052407157,0.26814812,0.6742898,-0.5311641,0.91666263,0.3137018,-0.70679724,0.16066594,0.66189957
2.3827817,2.1073895,0.70444316,0.06934468,0.022302598,-0.7022512,0.7081929,-0.59808934,-0.13108073,-0.107874975,0.91514283,0.0,0.07396527,-0.20807569,-0.04291596,-0.2626461,0.36702162,0.0,-0.29566467,-0.053867694,0.23328316,0.582186,-0.5878935,1.0195423,0.30016255,-0.6419033,0.15110259,0.6613068
2.3851328,2.1061788,0.7046259,0.07336598,0.020525437,-0.6993411,0.71071666,-0.63060653,-0.1233739,-0.10727318,0.93490314,0.0,0.06368034,-0.2136675,-0.058469985,-0.2656106,0.3771495,0.0,-0.30225638,-0.041416183,0.19663726,0.49691105,-0.62544465,1.1147091,0.28786716,-0.5944243,0.14902648,0.6705133
2.386547,2.1029992,0.7040855,0.07577041,0.020557674,-0.6987094,0.71108466,-0.6515773,-0.07699406,-0.059957504,0.92505383,0.0,0.036450945,-0.21635175,-0.066094704,-0.2644785,0.38617885,0.0,-0.31084868,-0.022789596,0.17723338,0.43392095,-0.6449302,1.1738033,0.2768858,-0.5535523,0.1470133,0.67321664
2.3885226,2.0989842,0.7036257,0.07635693,0.021697426,-0.70064694,0.7090788,-0.6590922,-0.01633098,-0.002892041,0.8864067,0.0,0.01865222,-0.21513683,-0.06842368,-0.2578446,0.38986224,0.0,-0.31651616,0.00045945816,0.17458916,0.38739902,-0.65009737,1.1990334,0.26289347,-0.51769674,0.14878955,0.67586184
2.392031,2.0947254,0.70265216,0.07504897,0.024572415,-0.7033829,0.7064109,-0.65137535,0.043835767,0.0384539,0.81321216,0.0,0.019340832,-0.21305034,-0.067115985,-0.2492904,0.3926362,0.0,-0.3210352,0.03528209,0.17784813,0.35418013,-0.61005056,1.203944,0.24480145,-0.4815663,0.14698704,0.696415
2.3960247,2.0897486,0.70214665,0.07365449,0.027917936,-0.7069256,0.70288825,-0.6315389,0.09539696,0.07792383,0.71010345,0.0,0.03796059,-0.20753543,-0.06466343,-0.23909764,0.38834122,0.0,-0.3221011,0.079396494,0.1853873,0.32869545,-0.55681974,1.194919,0.22812654,-0.45423657,0.14851634,0.72049296
2.4005058,2.0841599,0.7017887,0.07190152,0.031608235,-0.70982933,0.699981,-0.60524136,0.14102511,0.12760422,0.592562,0.0,0.05834271,-0.19794281,-0.061725173,-0.23156972,0.3788558,0.0,-0.3214997,0.1185164,0.18813194,0.3086394,-0.5146342,1.1980937,0.21231866,-0.4352634,0.16093762,0.7400678
2.405772,2.0777574,0.7010492,0.07044817,0.035488363,-0.7103252,0.6994396,-0.57744604,0.17284784,0.16407198,0.4687376,0.0,0.07040178,-0.1860134,-0.061169747,-0.2306689,0.36925775,0.0,-0.32305622,0.16186589,0.17465398,0.29405054,-0.49370918,1.2222309,0.20080104,-0.43025535,0.18221754,0.75906456
2.4111187,2.070467,0.7007724,0.070156954,0.0382781,-0.7102851,0.6993624,-0.5514781,0.18759932,0.17758939,0.35085523,0.0,0.07881653,-0.17017706,-0.06410793,-0.2315584,0.3549517,0.0,-0.32367057,0.19750819,0.1516991,0.28868154,-0.50606906,1.2486651,0.19128059,-0.43817422,0.22141033,0.77487695
2.4165535,2.0628917,0.70039475,0.07032411,0.04106814,-0.70833325,0.70116466,-0.533087,0.19257584,0.18241656,0.25011992,0.0,0.086940885,-0.15242928,-0.06808541,-0.23836562,0.33917248,0.0,-0.324743,0.2148316,0.12402526,0.29518345,-0.54634,1.2599896,0.18124205,-0.45039985,0.2765665,0.78506976
2.4227157,2.0556402,0.699346,0.07051462,0.045074016,-0.70321196,0.70603746,-0.5288987,0.18613152,0.16283487,0.18130954,0.0,0.090338975,-0.13619223,-0.071783505,-0.2533618,0.32642403,0.0,-0.32814226,0.2173478,0.091636635,0.3091329,-0.5933534,1.2587391,0.16800173,-0.46001235,0.33153158,0.7929183
2.429744,2.048277,0.6975152,0.071445525,0.04981775,-0.6964051,0.71234375,-0.54141325,0.17279302,0.1279611,0.15582968,0.0,0.08934118,-0.12370775,-0.0773041,-0.27136257,0.3198072,0.0,-0.33583272,0.2163067,0.059052143,0.3237199,-0.62432986,1.2438735,0.15740548,-0.47168627,0.37151045,0.79999053
2.4379501,2.0410693,0.69509155,0.073061086,0.05629436,-0.69005746,0.71785355,-0.5529242,0.1554916,0.08055497,0.15407215,0.0,0.09605019,-0.120647565,-0.083919644,-0.28482595,0.3225452,0.0,-0.34426394,0.22006395,0.028440531,0.33887306,-0.6235846,1.2142357,0.15450217,-0.4865077,0.39140353,0.8007274
2.4471402,2.034063,0.69301796,0.07519124,0.062315635,-0.6842072,0.72271955,-0.5687665,0.13537198,0.030218085,0.1781158,0.0,0.09247899,-0.12035918,-0.09416084,-0.29461122,0.32953137,0.0,-0.35144114,0.22877516,0.0016844767,0.34738433,-0.5959476,1.1747302,0.15841384,-0.5020844,0.39027697,0.7981883
2.4574203,2.027149,0.69095916,0.07760377,0.06828303,-0.678465,0.72732407,-0.5949563,0.11570486,0.008910281,0.21608622,0.0,0.10581089,-0.12239845,-0.10738671,-0.3023057,0.34072632,0.0,-0.35880035,0.23563434,-0.019151574,0.3499725,-0.5544996,1.1251425,0.16466857,-0.5184532,0.37271464,0.7911301
2.4689922,2.019664,0.68911105,0.07946596,0.07286682,-0.6764153,0.72858626,-0.61688083,0.10360089,0.0076248804,0.25423634,0.0,0.13998197,-0.1252696,-0.12460763,-0.29769126,0.35537922,0.0,-0.36115524,0.23864935,-0.031441364,0.34833843,-0.5093683,1.0772223,0.17365812,-0.53543675,0.34536245,0.7772933
2.481698,2.0115995,0.6880282,0.08054347,0.0757079,-0.6768344,0.72778857,-0.6327327,0.09568788,0.01602598,0.3000994,0.0,0.14013053,-0.13429949,-0.1471946,-0.27836987,0.38445458,0.0,-0.3520258,0.23716728,-0.03543691,0.34573546,-0.46193612,1.0346754,0.18424946,-0.5473894,0.3137647,0.7657428
2.4947202,2.002343,0.68878025,0.08135049,0.07591445,-0.6759643,0.7284857,-0.63909745,0.07728028,0.016896453,0.34878907,0.0,0.1016029,-0.1446985,-0.17688814,-0.26690108,0.42760697,0.0,-0.3178081,0.22252356,-0.03373809,0.34296358,-0.42636868,1.0001458,0.19693363,-0.5556876,0.28014883,0.7534146
2.5089233,1.9921056,0.6896229,0.08163654,0.074662104,-0.6746686,0.72978306,-0.6355084,0.055208594,0.019848283,0.39121827,0.0,0.060645927,-0.16302961,-0.21296486,-0.2703492,0.49305257,0.0,-0.27646375,0.19961233,-0.0363497,0.33883408,-0.4170814,0.9886432,0.20873712,-0.5628891,0.25013804,0.74046665
2.5229647,1.9807583,0.6913722,0.08072885,0.0739315,-0.67108345,0.73325574,-0.62036407,0.03333506,0.021291632,0.41440785,0.0,0.02554804,-0.19368258,-0.25090936,-0.28407627,0.5819016,0.0,-0.20860837,0.16312304,-0.042910658,0.3364035,-0.4321943,0.9984583,0.21359283,-0.5642814,0.2286344,0.7258468
2.537477,1.9684125,0.6940294,0.078737475,0.07390564,-0.6673786,0.73684746,-0.59599185,0.013724402,0.024613567,0.42400494,0.0,-0.0049849893,-0.22773935,-0.2901643,-0.32006958,0.6771371,0.0,-0.14879365,0.12511931,-0.053449284,0.333341,-0.46176422,1.0236557,0.21354428,-0.55894065,0.2156869,0.7163678
2.5530062,1.9548718,0.69868064,0.07452958,0.07464859,-0.6682106,0.73645604,-0.554437,0.0029591415,0.041615825,0.41327155,0.0,-0.03111961,-0.26682815,-0.32487702,-0.35837936,0.7701054,0.0,-0.090811886,0.09624483,-0.060566418,0.33218965,-0.49434826,1.0527323,0.20963772,-0.5457237,0.20778117,0.70862275
2.5676436,1.9414551,0.7038863,0.06916455,0.07829528,-0.6706863,0.73434734,-0.5120291,0.00027983607,0.06029587,0.39238006,0.0,-0.05193598,-0.30879933,-0.339864,-0.38550228,0.83981615,0.0,-0.056301318,0.06865198,-0.0638882,0.3372529,-0.5267731,1.075232,0.19945456,-0.52390933,0.20078054,0.7028994
2.5775135,1.9298255,0.70746213,0.06380619,0.07863121,-0.6716069,0.7339551,-0.4663316,-0.0018421374,0.074870706,0.36556238,0.0,-0.06437392,-0.3685603,-0.3184483,-0.34523323,0.9167696,0.0,-0.0863101,0.035349756,-0.05976387,0.34643874,-0.56826967,1.0949594,0.20333485,-0.5082792,0.19580404,0.69142944
2.5846195,1.9191979,0.7089112,0.061626334,0.0780236,-0.6710933,0.73467565,-0.43031624,-0.008076382,0.08466172,0.34552842,0.0,-0.07634842,-0.4443326,-0.27301717,-0.2725975,0.9818794,0.0,-0.10988755,-0.004546319,-0.052210808,0.35451597,-0.5954986,1.1028289,0.20712593,-0.49659187,0.19109505,0.67923754
2.591104,1.9094545,0.7091186,0.061986227,0.07777868,-0.67164856,0.73416376,-0.402191,-0.016791042,0.09643308,0.3300205,0.0,-0.08908107,-0.5175093,-0.21997021,-0.21902965,1.0136359,0.0,-0.11037979,-0.040153846,-0.04308662,0.36199716,-0.60276616,1.0998466,0.20936184,-0.48822793,0.18741335,0.6681013
2.5971406,1.8997421,0.70860034,0.063791975,0.07855274,-0.6743775,0.73141986,-0.37912977,-0.024559107,0.11266237,0.31798464,0.0,-0.104052424,-0.5795436,-0.16490516,-0.19886345,1.0016767,0.0,-0.10254357,-0.06794125,-0.034050047,0.3677784,-0.58883715,1.0919892,0.20851265,-0.4791302,0.18432668,0.6608871
2.6034045,1.8895708,0.70773864,0.06695038,0.079969995,-0.6807425,0.7250601,-0.35661364,-0.03224072,0.13862695,0.30538592,0.0,-0.12121922,-0.6305465,-0.11499853,-0.20864281,0.9491085,0.0,-0.09420029,-0.08341788,-0.02587112,0.3716859,-0.56309277,1.0810014,0.20463988,-0.47135377,0.18171574,0.6638945
2.610265,1.8786381,0.70593786,0.07217771,0.08056669,-0.68957376,0.71609175,-0.33349484,-0.04503644,0.17251202,0.292766,0.0,-0.14110452,-0.6693307,-0.07679596,-0.25079322,0.8618397,0.0,-0.08053749,-0.08923894,-0.018873213,0.3723725,-0.5395109,1.0708188,0.20137328,-0.47034177,0.18159288,0.6743607
2.6174169,1.8665628,0.7029224,0.079034545,0.07925858,-0.6996509,0.705663,-0.30802807,-0.06440558,0.21123834,0.28092223,0.0,-0.16425155,-0.69299245,-0.03889774,-0.29735246,0.7492957,0.0,-0.08215879,-0.0930107,-0.013816081,0.36834127,-0.5223377,1.0669042,0.19878662,-0.47462678,0.18210432,0.69063956
2.6248028,1.8526077,0.6992242,0.08560313,0.07561728,-0.7092869,0.6956049,-0.27591538,-0.089060746,0.25018412,0.26891705,0.0,-0.1908895,-0.70401436,0.0052349395,-0.32964694,0.62325156,0.0,-0.074243926,-0.09882358,-0.009569287,0.3606259,-0.50898266,1.0693889,0.19968219,-0.47910234,0.18405749,0.71208817
2.6323211,1.8371127,0.6949832,0.091823995,0.071009144,-0.7190615,0.68518364,-0.24041487,-0.11683583,0.28973305,0.2575665,0.0,-0.22164755,-0.708713,0.047373492,-0.36536813,0.50404733,0.0,-0.042498548,-0.10539257,-0.0073182676,0.35160056,-0.50569075,1.0777478,0.2031017,-0.48603672,0.18960427,0.7372564
2.6396878,1.8211545,0.68994737,0.09873541,0.06545996,-0.7285713,0.67464817,-0.20914689,-0.14813554,0.32763264,0.2542725,0.0,-0.25450847,-0.70935786,0.07673316,-0.42491534,0.40641677,0.0,-0.031131627,-0.11115347,-0.008758722,0.34023988,-0.51626694,1.0903277,0.20660596,-0.4948131,0.19604442,0.76653385
2.6467724,1.805031,0.68474555,0.1043482,0.061250355,-0.73671085,0.66529465,-0.17943387,-0.17691155,0.35934445,0.25155455,0.0,-0.2900538,-0.7076548,0.10261202,-0.49062103,0.3409118,0.0,-0.040910896,-0.11715803,-0.0077335583,0.33254185,-0.53223544,1.1002425,0.20826352,-0.49754363,0.20347075,0.7977432
2.6525664,1.7895095,0.68017125,0.1068307,0.056444947,-0.742691,0.65864354,-0.14704986,-0.20066957,0.38377267,0.25063202,0.0,-0.32617626,-0.6971988,0.12274373,-0.54146844,0.30244726,0.0,-0.032292545,-0.1256647,-0.0021496185,0.32818922,-0.54368645,1.1051028,0.21263753,-0.49419352,0.2093472,0.8339579
2.6567984,1.7751153,0.67721426,0.10588605,0.052395366,-0.7443361,0.6572721,-0.12062295,-0.21255837,0.3909824,0.26437122,0.0,-0.34914097,-0.6776431,0.12694679,-0.5532822,0.29293317,0.0,-0.026052857,-0.14242119,0.0076270206,0.33266112,-0.5520093,1.1033702,0.21828696,-0.48055542,0.21119012,0.8683651
2.658925,1.7611332,0.67675495,0.10015016,0.04817607,-0.7429044,0.6601076,-0.10335992,-0.20683658,0.3915506,0.31027266,0.0,-0.35441327,-0.64600074,0.11849519,-0.56133366,0.30298936,0.0,-0.05132202,-0.1670698,0.025328107,0.3465645,-0.5555406,1.0980519,0.2301348,-0.45984206,0.20884457,0.9035048
2.6600294,1.7461635,0.6783209,0.093175516,0.04495713,-0.7348114,0.67033523,-0.10531259,-0.18725683,0.37319818,0.39223582,0.0,-0.33131322,-0.61888313,0.0907378,-0.60149467,0.3400805,0.0,-0.092885174,-0.20126297,0.045744736,0.365367,-0.5415745,1.0859383,0.24335817,-0.4297797,0.19828865,0.94125164
2.6621428,1.7303079,0.68092644,0.088556156,0.04155966,-0.72868335,0.67782825,-0.13528253,-0.16527013,0.35610956,0.51243025,0.0,-0.25684324,-0.6008661,0.053352557,-0.63060814,0.39808273,0.0,-0.13926846,-0.22137693,0.06060198,0.37815067,-0.5161331,1.0733904,0.2538146,-0.40325898,0.18240398,0.9764649
2.6652856,1.7130541,0.68351406,0.08523606,0.036834653,-0.7283904,0.67884123,-0.18962371,-0.13997105,0.35235283,0.6785998,0.0,-0.15522504,-0.5776209,0.021884598,-0.6380514,0.44613644,0.0,-0.18176995,-0.22414184,0.07191747,0.38464138,-0.49107024,1.0602573,0.2655434,-0.37869462,0.16645002,1.0091957
2.6687932,1.6955421,0.686337,0.081780285,0.032542787,-0.72896934,0.67886424,-0.26899886,-0.10511003,0.33345395,0.87843627,0.0,-0.04507835,-0.5470022,-0.0024778491,-0.6408217,0.47631562,0.0,-0.21665284,-0.22372344,0.083107516,0.39501178,-0.471022,1.0430288,0.27648792,-0.35761222,0.15470156,1.0305452
2.6724048,1.6772738,0.6898485,0.0788223,0.027829617,-0.7340626,0.67391735,-0.35626784,-0.07959087,0.30059138,1.0684527,0.0,0.030298851,-0.5115263,-0.018234033,-0.62915546,0.49118406,0.0,-0.24071951,-0.20536575,0.09544787,0.405421,-0.451498,1.0186461,0.28581136,-0.34406668,0.15613353,1.0393212
2.676997,1.658628,0.6933472,0.07619707,0.022441007,-0.74477535,0.6625708,-0.43209854,-0.061078083,0.26826635,1.2067513,0.0,0.035915747,-0.47597772,-0.028790936,-0.59844226,0.49793705,0.0,-0.25618756,-0.1796809,0.11212862,0.41118,-0.42685533,0.9948566,0.28752849,-0.34043124,0.17328037,1.0375074
2.6810448,1.6403246,0.6954997,0.072866164,0.018704003,-0.75868595,0.64709836,-0.5074417,-0.033326313,0.24229471,1.3073479,0.0,-0.013610101,-0.444385,-0.032180924,-0.55894154,0.5045581,0.0,-0.27012458,-0.14708497,0.13126351,0.41885093,-0.39698312,0.9713776,0.28158784,-0.33762333,0.1869343,1.029116
2.6849465,1.6216483,0.697554,0.06966871,0.015413407,-0.77665824,0.62586796,-0.56827754,0.0040437,0.22376102,1.3581882,0.0,-0.033407487,-0.4140255,-0.030578554,-0.50501186,0.50498307,0.0,-0.27870384,-0.106760666,0.15123107,0.4239617,-0.3726811,0.95654154,0.27272823,-0.3392223,0.1933472,1.0087924
2.6890435,1.602953,0.6987948,0.06663969,0.013441754,-0.79649204,0.6008152,-0.61639875,0.046867628,0.20602429,1.3585556,0.0,-0.043145727,-0.38884315,-0.027200468,-0.44137666,0.505873,0.0,-0.28543022,-0.06945235,0.17357612,0.4253977,-0.35394296,0.9544212,0.26595944,-0.34435293,0.1952408,0.96895254
2.6946132,1.5844407,0.7004115,0.06494337,0.011149973,-0.8172358,0.5725239,-0.6498797,0.07534864,0.17422833,1.3079145,0.0,-0.034418847,-0.3686343,-0.02832323,-0.36721286,0.50320214,0.0,-0.2864019,-0.036410984,0.19135591,0.42079234,-0.34717467,0.96419257,0.26157182,-0.35444534,0.18616101,0.90953195
2.7007704,1.5653809,0.7010621,0.06290573,0.00871372,-0.83883476,0.54066914,-0.6616983,0.10208073,0.14069681,1.2091371,0.0,-0.043193478,-0.35359678,-0.03255297,-0.28414097,0.5068369,0.0,-0.28946745,-0.0034754884,0.20725508,0.4151554,-0.357303,0.98264545,0.26659393,-0.36817828,0.16659911,0.8325631
2.7071095,1.5463761,0.70214117,0.062112253,0.0061964225,-0.8573805,0.51088387,-0.65134776,0.115315005,0.09261344,1.0633936,0.0,-0.05751937,-0.338982,-0.042018283,-0.20553967,0.50311625,0.0,-0.2900983,0.013036745,0.21954651,0.40604642,-0.37631333,1.0063963,0.26898974,-0.38326696,0.14498179,0.7555392
2.712925,1.5261049,0.7029425,0.059518397,0.003078715,-0.8763151,0.47803754,-0.6031781,0.12977833,0.045236167,0.87204325,0.0,-0.073980905,-0.3191253,-0.05243265,-0.12256775,0.49487048,0.0,-0.29043704,0.028986517,0.23372668,0.3933269,-0.40042487,1.0352352,0.27730286,-0.39792642,0.124182,0.68127066
2.7174664,1.5048268,0.7032416,0.054656938,0.0017673362,-0.8965332,0.4395881,-0.5295445,0.13647625,-0.060352907,0.6612475,0.0,-0.07796317,-0.29415986,-0.05716747,-0.032191172,0.47764227,0.0,-0.28700447,0.04781285,0.24856359,0.38383007,-0.43096605,1.0667425,0.27998513,-0.40747187,0.114893526,0.62121433
2.7198842,1.4829729,0.70226824,0.04575731,0.0034758132,-0.91798395,0.39395383,-0.42037976,0.15396628,-0.2172997,0.4497998,0.0,-0.05000213,-0.26441386,-0.052402917,0.06717804,0.45779374,0.0,-0.28266782,0.07971061,0.26738426,0.3834773,-0.46579692,1.0942675,0.279895,-0.41224304,0.11328054,0.57484704
2.719044,1.463026,0.70196396,0.03197103,0.0049290936,-0.9406864,0.3377316,-0.27310303,0.19888149,-0.39864463,0.26043615,0.0,-0.008592048,-0.22456321,-0.04184895,0.1809737,0.42835504,0.0,-0.270367,0.13396238,0.295168,0.38854837,-0.4952942,1.1137375,0.28939477,-0.41178784,0.10771556,0.53928477
2.720364,1.4459625,0.70094436,0.021578388,0.008881817,-0.9554066,0.29436997,-0.16457155,0.24610834,-0.43694207,0.17395891,0.0,-0.032730527,-0.20016447,-0.037859537,0.26896596,0.40647778,0.0,-0.2583005,0.15338941,0.3134371,0.3954423,-0.51652116,1.123656,0.28523007,-0.40752986,0.102435835,0.52738833
2.7275012,1.4325418,0.7008636,0.021385469,0.012166204,-0.95903367,0.28222162,-0.14596699,0.23710355,-0.42001572,0.17284949,0.0,-0.07334367,-0.19822891,-0.0540721,0.2996621,0.38737485,0.0,-0.24498874,0.093268976,0.31037447,0.39492694,-0.536652,1.1266049,0.2592892,-0.40506718,0.09727677,0.5307188
2.7377841,1.4179772,0.7020229,0.02484359,0.010703242,-0.9590717,0.2818683,-0.16757818,0.19448686,-0.4188132,0.20649207,0.0,-0.0924263,-0.19327186,-0.093401976,0.30589014,0.35462606,0.0,-0.22335608,0.008208619,0.29427305,0.3851545,-0.55294365,1.1329442,0.2402675,-0.40584424,0.07934266,0.54628325
2.7487347,1.4015754,0.7035974,0.029266618,0.006004433,-0.96147335,0.27326986,-0.18144342,0.14285249,-0.39375818,0.23996748,0.0,-0.106273875,-0.19136353,-0.14233534,0.32121974,0.31310102,0.0,-0.188223,-0.056124505,0.26692048,0.37280712,-0.56521434,1.141054,0.23078027,-0.4031468,0.050174374,0.5679608
2.7592187,1.3856554,0.7051787,0.03342206,0.0008862418,-0.9659636,0.25650832,-0.18026493,0.09817977,-0.35194755,0.2539784,0.0,-0.112539366,-0.19466445,-0.18786024,0.33963522,0.26927328,0.0,-0.14718746,-0.098154426,0.23556806,0.36766583,-0.5718921,1.140145,0.23026763,-0.39955807,0.020809533,0.5915178
2.7693348,1.3713572,0.7064459,0.037348542,-0.0021385818,-0.97211444,0.23150381,-0.17275542,0.06625349,-0.2938487,0.25461915,0.0,-0.116993085,-0.21268243,-0.21759567,0.3149647,0.24476539,0.0,-0.107829206,-0.11139827,0.20837456,0.3759735,-0.56088907,1.1266841,0.23808737,-0.3902131,-0.005169495,0.62242144
2.7794383,1.3596941,0.7075141,0.042182457,-0.0023251774,-0.9799375,0.19477603,-0.16819218,0.047213692,-0.21602002,0.25440407,0.0,-0.12396104,-0.26601788,-0.21634626,0.24233045,0.2709876,0.0,-0.079501115,-0.08679991,0.18450624,0.39840052,-0.5339907,1.0991001,0.24966742,-0.3841921,-0.0065176836,0.66570485
2.789741,1.3508991,0.7084459,0.049075752,-6.503281e-05,-0.98691934,0.15356344,-0.17492168,0.038242787,-0.13241494,0.25688156,0.0,-0.12993078,-0.34738663,-0.19904143,0.12764573,0.34139428,0.0,-0.07164538,-0.03841022,0.1622735,0.43309662,-0.48928952,1.0589468,0.2556363,-0.38057753,0.009418047,0.7243758
2.7991114,1.3442826,0.7086122,0.05591168,0.0030966713,-0.9917474,0.115331806,-0.19112124,0.035830688,-0.058957174,0.26966873,0.0,-0.13947219,-0.4276708,-0.17438975,0.01878268,0.4422451,0.0,-0.10201741,0.009177631,0.15233111,0.47588262,-0.42675602,1.0055978,0.252859,-0.37600476,0.054972377,0.80683726
2.8086433,1.3377476,0.70819306,0.062136326,0.0036820015,-0.9945097,0.084118925,-0.21121596,0.02840108,0.000543632,0.28373343,0.0,-0.14585887,-0.483463,-0.15122989,-0.03925901,0.5335344,0.0,-0.13452303,0.04105592,0.1354387,0.50379807,-0.36721703,0.9699073,0.24873781,-0.37081593,0.116098605,0.8880879
2.8166134,1.3316762,0.70797503,0.06497816,0.0045019453,-0.9958468,0.063613296,-0.22630419,0.022640062,0.03994719,0.2958444,0.0,-0.14965802,-0.5093261,-0.12171143,-0.058944684,0.61344725,0.0,-0.15270168,0.057721313,0.114281096,0.52401227,-0.30738008,0.9488674,0.24473548,-0.35711277,0.1759097,0.9757433
2.8233266,1.326627,0.7076855,0.06672055,0.0050489316,-0.9964862,0.05037992,-0.24086809,0.017420674,0.064840555,0.30785075,0.0,-0.15197116,-0.5132667,-0.08676985,-0.052174542,0.6697772,0.0,-0.17443943,0.056370575,0.09820207,0.54095876,-0.25481057,0.93376917,0.24364275,-0.34261423,0.23557734,1.0549765
2.8292177,1.3220165,0.7076974,0.06738527,0.0059114,-0.9968749,0.040800296,-0.25293043,0.01350287,0.08285504,0.31837034,0.0,-0.15323633,-0.5016232,-0.054806717,-0.058408268,0.70177335,0.0,-0.1872306,0.04749612,0.08656277,0.55709076,-0.21329018,0.9192898,0.24806936,-0.32496235,0.28160915,1.1202112
2.8341234,1.3179797,0.70799845,0.06683443,0.007112477,-0.9973174,0.028992703,-0.25828737,0.012943775,0.10615138,0.3258649,0.0,-0.15558562,-0.48102733,-0.022360886,-0.068373434,0.7083831,0.0,-0.19058447,0.04085859,0.07959622,0.56883436,-0.17534457,0.9108128,0.26007482,-0.3059851,0.3012687,1.1642326
2.8389394,1.3144801,0.708021,0.06647647,0.0073481034,-0.9976319,0.016046362,-0.26257432,0.011821075,0.13184766,0.33143455,0.0,-0.15748444,-0.45252326,0.0062074065,-0.08013435,0.6892066,0.0,-0.20340717,0.033799127,0.07465559,0.5759575,-0.15216435,0.90498894,0.2758937,-0.29418418,0.3011064,1.1857044
2.8434064,1.3119439,0.70733887,0.067819335,0.005480225,-0.997664,0.0060889297,-0.2719507,0.006645928,0.1511395,0.337792,0.0,-0.15830058,-0.42602,0.032959964,-0.07773039,0.6522976,0.0,-0.22035845,0.02084061,0.07304962,0.5727631,-0.12758592,0.8983525,0.29294807,-0.2866577,0.28811562,1.1908396
2.8479698,1.3091817,0.7064153,0.07209659,0.0020272878,-0.9973956,5.0011327e-05,-0.2880426,-0.0044715703,0.16264616,0.34012333,0.0,-0.15407428,-0.4036421,0.051485006,-0.08552282,0.59513754,0.0,-0.22071892,0.003541172,0.06881507,0.56265855,-0.115122415,0.8942031,0.30037206,-0.28292796,0.27077264,1.1871505
2.8514273,1.3070059,0.7057773,0.074784905,-0.0016864967,-0.9971795,-0.00611659,-0.29729003,-0.014673212,0.17585938,0.33996192,0.0,-0.15021119,-0.36940747,0.06462881,-0.107132114,0.51454675,0.0,-0.21069624,-0.009946234,0.0692565,0.55155486,-0.123229034,0.89060825,0.31062344,-0.285776,0.25842723,1.1671444
2.855263,1.3054414,0.7050076,0.08048333,-0.0067052497,-0.9966111,-0.015613061,-0.31097713,-0.025983145,0.19492313,0.33548418,0.0,-0.14395097,-0.3491508,0.06341108,-0.14790344,0.439338,0.0,-0.22513478,-0.0101925535,0.06274855,0.5316016,-0.13914664,0.88499194,0.30673712,-0.29138526,0.25519347,1.155879
2.8579257,1.3052658,0.70532566,0.08406415,-0.009242017,-0.9961499,-0.02309094,-0.31786042,-0.029961716,0.20977975,0.32869986,0.0,-0.13742739,-0.337013,0.06609347,-0.1530621,0.38817504,0.0,-0.22255826,-0.009756452,0.06201078,0.5167394,-0.16955261,0.8806089,0.2986257,-0.29390544,0.25677162,1.1401455
2.8600395,1.305968,0.7054988,0.08692246,-0.011015066,-0.99575603,-0.028161932,-0.32565412,-0.03122519,0.21951789,0.32685116,0.0,-0.1325895,-0.3372556,0.06834272,-0.14310528,0.36641142,0.0,-0.21599364,-0.010510578,0.060347408,0.5039899,-0.21322128,0.8822301,0.28807646,-0.2952845,0.2634169,1.1223438
2.8617864,1.3072577,0.7052333,0.08937252,-0.012715248,-0.99542683,-0.03124652,-0.33755624,-0.030801876,0.22583838,0.33510256,0.0,-0.13224536,-0.34520516,0.069673955,-0.1343357,0.36253127,0.0,-0.21113199,-0.010926747,0.058767855,0.4896125,-0.2700888,0.8889426,0.27767125,-0.29998508,0.27238685,1.0967065
2.8638034,1.3081101,0.70460683,0.093473114,-0.014996589,-0.99490577,-0.034646884,-0.35563508,-0.031768076,0.23141839,0.34717977,0.0,-0.13195387,-0.36309493,0.069030136,-0.1215041,0.36941555,0.0,-0.20935391,-0.01650015,0.064561106,0.47609708,-0.3232682,0.8917607,0.26134026,-0.30854067,0.27524295,1.0555102
2.8657846,1.308496,0.7033888,0.09777548,-0.016836124,-0.9943508,-0.037722263,-0.38015905,-0.03193996,0.23334433,0.37045366,0.0,-0.1354116,-0.38275197,0.06855604,-0.11107164,0.38000995,0.0,-0.21283792,-0.028380444,0.07468148,0.46432558,-0.36703977,0.8967976,0.24697973,-0.31770447,0.26721472,1.0006056
2.8673317,1.3087322,0.70218384,0.10124663,-0.018360497,-0.9939903,-0.037353795,-0.40699902,-0.034734976,0.22765398,0.40088454,0.0,-0.1472449,-0.3992421,0.066473775,-0.10870368,0.3913792,0.0,-0.21751636,-0.0477199,0.085382126,0.4561746,-0.41629395,0.9104034,0.23855065,-0.3290112,0.25249633,0.9339138
2.8681781,1.3089031,0.701635,0.10368644,-0.020884292,-0.9937715,-0.035088077,-0.4308638,-0.046243314,0.2069541,0.43184614,0.0,-0.16477752,-0.4110394,0.060652208,-0.110511556,0.4006185,0.0,-0.22155127,-0.0681052,0.09210158,0.44584125,-0.46843606,0.9286192,0.23347472,-0.34463555,0.23432347,0.86534756
2.8686001,1.3087026,0.70143425,0.105360866,-0.023556637,-0.9935557,-0.03451381,-0.45043224,-0.070952855,0.16158459,0.45981744,0.0,-0.1854366,-0.4205344,0.054525375,-0.10846138,0.40883127,0.0,-0.2245874,-0.08231399,0.09533385,0.42946047,-0.51419055,0.9535183,0.2291665,-0.35708782,0.20642823,0.8027371
2.8686042,1.308411,0.701001,0.10642677,-0.025197469,-0.99327683,-0.037941214,-0.4604777,-0.10186494,0.11407321,0.4730329,0.0,-0.19245201,-0.4284152,0.05263851,-0.09894397,0.41640866,0.0,-0.22638173,-0.083154835,0.09886954,0.4103379,-0.54596543,0.98203117,0.22605348,-0.36530346,0.1743652,0.74788284
2.8683949,1.3082652,0.7004281,0.10711731,-0.025092322,-0.9930266,-0.04236085,-0.45692667,-0.1304841,0.06296409,0.45830733,0.0,-0.17865328,-0.43255082,0.05549188,-0.08901065,0.41960382,0.0,-0.22578557,-0.07631321,0.10435249,0.39322028,-0.56634283,1.0077322,0.2225624,-0.36808813,0.14552754,0.70347846
2.868521,1.3088264,0.6999393,0.10927468,-0.023420047,-0.992705,-0.04524715,-0.4489576,-0.1408096,0.0471487,0.42598417,0.0,-0.15165791,-0.43657905,0.06290296,-0.08311,0.4168846,0.0,-0.22192642,-0.069578595,0.11139121,0.38170952,-0.5708475,1.0234922,0.21162117,-0.36682063,0.12530908,0.6747642
2.8686268,1.3089597,0.7003592,0.111621365,-0.022536695,-0.99235064,-0.047675807,-0.43517992,-0.14273633,0.053719733,0.38631916,0.0,-0.12955543,-0.43829226,0.067859106,-0.07725509,0.40812212,0.0,-0.21455297,-0.063115515,0.121883705,0.37523022,-0.56226325,1.0354102,0.20227598,-0.3722261,0.11037826,0.6529382
2.867924,1.3081443,0.7014934,0.11293541,-0.02246225,-0.9920848,-0.05008749,-0.4201726,-0.14368679,0.058611248,0.3540136,0.0,-0.11995511,-0.43442583,0.068871915,-0.07123972,0.39464808,0.0,-0.20567578,-0.05762422,0.13594069,0.37352896,-0.54812264,1.0418566,0.20038602,-0.381425,0.09770948,0.6342822
2.8673882,1.3074272,0.70228064,0.116158426,-0.021879338,-0.99175215,-0.049559653,-0.41852435,-0.14453064,0.05619245,0.33670625,0.0,-0.10808856,-0.43575016,0.07001896,-0.07060703,0.38399014,0.0,-0.19861718,-0.058019128,0.14167632,0.37380975,-0.53945065,1.0491279,0.19252826,-0.38071275,0.08843282,0.6342138
2.8665512,1.3069968,0.7028995,0.11929656,-0.020912793,-0.9915204,-0.04709804,-0.41849354,-0.14488126,0.050548576,0.32358596,0.0,-0.098990776,-0.43495017,0.07120858,-0.07468737,0.37203246,0.0,-0.19254771,-0.061430298,0.14698711,0.37923306,-0.5318111,1.0525212,0.1885731,-0.37850115,0.08228398,0.64269865
2.8654006,1.3068801,0.7035514,0.12113334,-0.019717615,-0.99145764,-0.044154514,-0.41580594,-0.1443432,0.044275638,0.31216383,0.0,-0.09163885,-0.42896867,0.072675526,-0.08116514,0.35752633,0.0,-0.1867357,-0.06147999,0.15402885,0.390968,-0.5261314,1.0453825,0.19095352,-0.37812042,0.08388291,0.6535319
2.8642378,1.3068857,0.70414144,0.123066194,-0.018993737,-0.99127585,-0.043199245,-0.41239914,-0.14366275,0.041994333,0.2996223,0.0,-0.08487914,-0.42480153,0.074481666,-0.083331265,0.34500983,0.0,-0.181218,-0.05316152,0.15385307,0.4026018,-0.52551794,1.036011,0.19625664,-0.3794772,0.09409869,0.66851866
2.86285,1.3069332,0.70464486,0.124489054,-0.018747214,-0.9911121,-0.042986296,-0.40734947,-0.14354166,0.041815292,0.2872887,0.0,-0.079359144,-0.42113402,0.07535274,-0.08400295,0.33595905,0.0,-0.17750807,-0.03982264,0.14919834,0.41137686,-0.5231797,1.025598,0.2041899,-0.3830928,0.1111023,0.69109243
2.861349,1.3070084,0.70497733,0.12552314,-0.01864779,-0.99101186,-0.042328805,-0.40267044,-0.14394946,0.04074601,0.27781335,0.0,-0.07550731,-0.41872558,0.07532168,-0.08561896,0.33174542,0.0,-0.1766471,-0.025778715,0.14382324,0.41738313,-0.5107154,1.0121762,0.21084481,-0.38489473,0.1333258,0.7217216
2.8598497,1.3071394,0.70511574,0.12650742,-0.01838965,-0.9909525,-0.04087662,-0.40015608,-0.14433835,0.037716374,0.27268192,0.0,-0.07356725,-0.41817513,0.07508144,-0.088860095,0.3319953,0.0,-0.17837681,-0.013501806,0.1398949,0.4208169,-0.4842357,0.99276286,0.21447024,-0.38211125,0.15826556,0.7590548
2.8582106,1.3072914,0.7051346,0.12728664,-0.01785301,-0.99098766,-0.037720535,-0.3990797,-0.14493975,0.031340104,0.2713776,0.0,-0.07316445,-0.41714156,0.074390434,-0.09573962,0.3337486,0.0,-0.1818627,-0.003270386,0.13720642,0.42506632,-0.45762742,0.96705747,0.21751511,-0.37612912,0.18314506,0.7990382
2.856444,1.3074102,0.7051143,0.12767282,-0.017121168,-0.99110526,-0.033419233,-0.39819828,-0.14558816,0.02330847,0.2724863,0.0,-0.07386742,-0.4142927,0.07336209,-0.10515129,0.33483356,0.0,-0.18577522,0.0041153952,0.1362172,0.42959863,-0.43545893,0.93774146,0.22031616,-0.36842847,0.20509565,0.83600813
2.8547106,1.3074563,0.7050134,0.12781267,-0.0165679,-0.99120855,-0.029916504,-0.39780158,-0.1460081,0.018084798,0.27598342,0.0,-0.0761433,-0.41199645,0.07215917,-0.11270944,0.33752942,0.0,-0.19010848,0.012153766,0.13649455,0.4317798,-0.4131327,0.9074632,0.22154996,-0.3604458,0.2225451,0.8691755
2.852968,1.3072749,0.7048303,0.12770087,-0.015994934,-0.9912849,-0.028122364,-0.3980152,-0.14530066,0.017934794,0.2825552,0.0,-0.080685854,-0.41025114,0.07141903,-0.11653909,0.34163827,0.0,-0.19446392,0.020766912,0.1371396,0.43184242,-0.39451352,0.8809442,0.22190078,-0.35284695,0.23759528,0.89528227
2.8512077,1.307052,0.70465577,0.12739165,-0.015170636,-0.99133676,-0.0281544,-0.39808568,-0.14293082,0.02163502,0.29066083,0.0,-0.08760251,-0.4075446,0.07219349,-0.11663802,0.3442027,0.0,-0.19747168,0.0261949,0.1392079,0.4307473,-0.38059607,0.8590669,0.22233865,-0.34686765,0.25062957,0.9120144
2.849332,1.3068887,0.7044074,0.12739407,-0.014127069,-0.99133384,-0.028782284,-0.40052488,-0.14007,0.024807999,0.30241904,0.0,-0.09655357,-0.40503037,0.07398758,-0.115361415,0.34603295,0.0,-0.20014517,0.022323186,0.14682247,0.4326488,-0.37689847,0.840645,0.22109243,-0.34333485,0.26189646,0.91586274
2.8473213,1.3065504,0.70377576,0.1264646,-0.012702199,-0.9913683,-0.032159075,-0.4065224,-0.13587502,0.030890701,0.32581615,0.0,-0.10834813,-0.40251613,0.07721081,-0.10917221,0.35165223,0.0,-0.20435375,0.013584875,0.1607628,0.43490028,-0.37403685,0.8288378,0.21313056,-0.3401404,0.2696467,0.9134169
2.8452942,1.3057957,0.70348173,0.124431536,-0.011951626,-0.99142337,-0.03812612,-0.41836205,-0.13188863,0.04046387,0.3634644,0.0,-0.10951698,-0.3980534,0.07920602,-0.097763486,0.35673034,0.0,-0.20763461,-0.0020576543,0.17808285,0.4323497,-0.36884803,0.82592607,0.19967964,-0.33581918,0.26943466,0.9059251
2.842663,1.304179,0.7030717,0.120734304,-0.011993507,-0.9912634,-0.051733114,-0.43775234,-0.124043755,0.059679516,0.42691544,0.0,-0.11287734,-0.3925948,0.08100531,-0.07124647,0.36494604,0.0,-0.21076956,-0.012297859,0.19355118,0.4258828,-0.37493375,0.83844036,0.19024496,-0.3341359,0.26253855,0.88778526
2.839101,1.3019351,0.7027527,0.11593271,-0.0133721065,-0.99074334,-0.06934268,-0.46898118,-0.11719017,0.050067138,0.52044445,0.0,-0.10950571,-0.38547757,0.07993553,-0.036482736,0.37460202,0.0,-0.21487305,-0.01750606,0.19911148,0.41705737,-0.40165186,0.86994755,0.1909683,-0.335655,0.2469962,0.85480684
2.834683,1.299341,0.70303625,0.11003781,-0.016242214,-0.9896764,-0.09037951,-0.49705285,-0.11509229,0.015389147,0.61443764,0.0,-0.09787622,-0.37414306,0.075677305,0.0050285314,0.37993896,0.0,-0.21785313,-0.013514492,0.19373879,0.40344122,-0.4446162,0.91690546,0.20149705,-0.3428879,0.22555019,0.812971
2.8297818,1.2961432,0.7033397,0.10365866,-0.019372394,-0.98784125,-0.114233434,-0.5081204,-0.121058576,-0.054867987,0.6800423,0.0,-0.116831414,-0.36219287,0.07020822,0.05190114,0.3842951,0.0,-0.2192077,-0.0018899493,0.18475032,0.3881288,-0.49121952,0.9640147,0.21638769,-0.35505655,0.2053376,0.77280235
2.8246117,1.2928411,0.7039492,0.09764974,-0.022492366,-0.9855355,-0.1366688,-0.50677574,-0.117946334,-0.10911988,0.70452535,0.0,-0.15085112,-0.3494719,0.06310993,0.09727531,0.3851696,0.0,-0.21932817,0.008523017,0.17569916,0.3723489,-0.5296708,1.0049285,0.22690202,-0.36950278,0.19121142,0.7438431
2.819493,1.2898953,0.7046579,0.09181252,-0.024442848,-0.98230535,-0.16139784,-0.48594669,-0.0950047,-0.12677379,0.67805314,0.0,-0.17546904,-0.33591893,0.05937412,0.14864002,0.38203883,0.0,-0.21606143,0.022189092,0.17009848,0.35775506,-0.55409205,1.0379823,0.23012261,-0.37978724,0.18480422,0.7295666
2.8140056,1.2863141,0.7053804,0.08583146,-0.024610225,-0.97906774,-0.18290342,-0.45144996,-0.06890107,-0.14061219,0.6219755,0.0,-0.19106272,-0.3174897,0.055226427,0.19350804,0.37241766,0.0,-0.21087734,0.029774912,0.16979465,0.349361,-0.5663325,1.0603001,0.22974114,-0.38470387,0.18220921,0.72740865
2.8085146,1.2822052,0.7058358,0.08086335,-0.023285244,-0.97622466,-0.19976072,-0.41611525,-0.047666434,-0.16597423,0.5520692,0.0,-0.191548,-0.29931632,0.050859302,0.22860542,0.3610966,0.0,-0.20643364,0.030765144,0.17199148,0.34769773,-0.5630144,1.068544,0.22958058,-0.38506678,0.1759975,0.7280175
2.80337,1.278187,0.706141,0.07753396,-0.021644995,-0.9738076,-0.21264723,-0.38396773,-0.028860155,-0.17050773,0.47788596,0.0,-0.17720954,-0.2843717,0.04616342,0.25495175,0.3497479,0.0,-0.20372294,0.026606523,0.17320022,0.34899932,-0.5505901,1.0682313,0.23158008,-0.38569975,0.17040363,0.73037946
2.7993565,1.2733384,0.70638317,0.076332524,-0.020139739,-0.97263867,-0.21849887,-0.3536778,-0.022386141,-0.17349933,0.41807988,0.0,-0.16341089,-0.2759571,0.039317206,0.26650658,0.34048992,0.0,-0.20112284,0.008123796,0.17042345,0.3553673,-0.5424365,1.0633541,0.23439865,-0.38649583,0.16328883,0.73443645
2.7965605,1.2672848,0.70643616,0.07774167,-0.019279163,-0.97341233,-0.21459948,-0.34009096,-0.030038992,-0.18327148,0.3860629,0.0,-0.15978613,-0.27839357,0.02931639,0.2575476,0.3407667,0.0,-0.20064488,-0.02551088,0.16350193,0.36401692,-0.5368177,1.0527444,0.23787595,-0.38457572,0.1528264,0.7402137
2.7949634,1.2608924,0.70689994,0.08264248,-0.020281091,-0.9736585,-0.21153739,-0.3457093,-0.0415739,-0.18532962,0.37021092,0.0,-0.15273145,-0.29713893,0.019681824,0.25208208,0.3491527,0.0,-0.19421352,-0.050663665,0.14910273,0.36993444,-0.52757925,1.0374576,0.23893718,-0.38417795,0.14329179,0.74975896
2.7933545,1.2542078,0.70723224,0.08882497,-0.022582691,-0.97244924,-0.21434218,-0.35310125,-0.052928258,-0.17682463,0.35463065,0.0,-0.14425008,-0.32840425,0.01169204,0.26023382,0.36930963,0.0,-0.18596713,-0.064800754,0.13705315,0.37701145,-0.51196325,1.0127305,0.24391903,-0.3880803,0.13994253,0.7630881
2.7919858,1.2474344,0.70714504,0.095363304,-0.025439272,-0.96986556,-0.22275443,-0.36236146,-0.06316895,-0.15860742,0.34255978,0.0,-0.13754672,-0.37168673,0.007876918,0.2583508,0.40750903,0.0,-0.18018319,-0.068925865,0.13659635,0.38837776,-0.48295233,0.9702537,0.25220937,-0.39089513,0.14156176,0.7755485
2.7913814,1.2409544,0.70682794,0.104873985,-0.027797041,-0.9654951,-0.2367444,-0.38197345,-0.06807821,-0.13302292,0.3378131,0.0,-0.13421835,-0.42763638,0.010310193,0.19362982,0.4572899,0.0,-0.17203599,-0.053402018,0.14006792,0.4025088,-0.44188184,0.91474813,0.26227254,-0.39054558,0.14728886,0.7814317
2.7913556,1.2351531,0.7060871,0.11650603,-0.029820457,-0.9605592,-0.2507251,-0.41282693,-0.070199795,-0.11022577,0.34400034,0.0,-0.13535812,-0.48663515,0.014015684,0.099490106,0.51194346,0.0,-0.18060556,-0.029868066,0.15000774,0.41836047,-0.38884902,0.8489942,0.27598524,-0.3897767,0.15787442,0.7810227
2.791452,1.2296836,0.70476854,0.12920927,-0.032188043,-0.95562917,-0.26275814,-0.45076737,-0.072720565,-0.09195287,0.35754758,0.0,-0.13953812,-0.5352609,0.021511415,0.011693832,0.5514123,0.0,-0.20227872,-0.0023696693,0.16829087,0.42536595,-0.33014357,0.7858052,0.28909996,-0.38738695,0.16836907,0.78137606
2.7908392,1.2250055,0.7036656,0.14153726,-0.0347133,-0.95145166,-0.2711124,-0.4851476,-0.076400205,-0.08004289,0.36650744,0.0,-0.14086962,-0.56934994,0.04152869,-0.026591334,0.5664372,0.0,-0.21335515,0.023198592,0.18207751,0.41716495,-0.2951539,0.7446347,0.2983408,-0.3805869,0.17924365,0.7887203
2.7896311,1.2214919,0.7025305,0.1521668,-0.03711623,-0.9479508,-0.27723086,-0.513733,-0.08009751,-0.071428314,0.37419727,0.0,-0.14337696,-0.5906406,0.07431041,-0.013287675,0.5639882,0.0,-0.2133487,0.04254663,0.20080335,0.40708333,-0.27445006,0.71501726,0.30908632,-0.3734797,0.19096822,0.7989674
2.7879019,1.218753,0.70117587,0.16180228,-0.03956934,-0.94427454,-0.28390113,-0.5396757,-0.08281389,-0.060804643,0.3841685,0.0,-0.14937504,-0.5981843,0.10938623,0.018094374,0.53690463,0.0,-0.20843965,0.054981858,0.22563857,0.40442276,-0.267467,0.69796383,0.32424283,-0.37035072,0.19588022,0.80431837
2.7859962,1.2168517,0.6995833,0.17336062,-0.04388367,-0.94130236,-0.2863043,-0.5683378,-0.09043711,-0.058720183,0.3891275,0.0,-0.15169448,-0.607605,0.13503724,0.04575944,0.49843052,0.0,-0.20478663,0.056420654,0.24529262,0.41151428,-0.2782829,0.69434845,0.3319539,-0.37009767,0.20768413,0.8141791
2.783538,1.2150793,0.69783753,0.18589409,-0.049136233,-0.9376561,-0.2895341,-0.59885263,-0.09919521,-0.054519612,0.3949538,0.0,-0.15584745,-0.61932105,0.14763802,0.03841834,0.45895445,0.0,-0.20201434,0.060659938,0.26529214,0.42564362,-0.29614744,0.6961014,0.3386561,-0.3778424,0.22884811,0.8263688
2.7814841,1.2135781,0.6956584,0.20027822,-0.055611446,-0.9326482,-0.2948955,-0.6369787,-0.107357815,-0.04693642,0.40654278,0.0,-0.16407992,-0.6407781,0.14644358,0.00015008033,0.43060392,0.0,-0.20425023,0.06937126,0.27386084,0.43344206,-0.31674042,0.7106471,0.34160626,-0.3867763,0.24173504,0.83475447
2.78029,1.2134299,0.6926738,0.21634822,-0.062513344,-0.9282448,-0.29605246,-0.6866702,-0.11683048,-0.04969299,0.43109158,0.0,-0.17703104,-0.6748987,0.15027277,0.0033847746,0.42292455,0.0,-0.20843886,0.07090991,0.2739803,0.44108605,-0.34806392,0.73489165,0.34411946,-0.39462894,0.25421396,0.8311802
2.779318,1.2138495,0.68817836,0.23502117,-0.06856923,-0.92367685,-0.29476157,-0.75550294,-0.12613466,-0.05946904,0.48180285,0.0,-0.2000951,-0.73339796,0.15827107,0.010577149,0.45323145,0.0,-0.21914183,0.07255907,0.27003297,0.4503322,-0.38301855,0.76747906,0.34892476,-0.40478596,0.26123285,0.81336564
2.7779744,1.2145344,0.6818309,0.2566403,-0.075724505,-0.9175968,-0.29396877,-0.83690965,-0.13731307,-0.06749482,0.54493773,0.0,-0.22844982,-0.81145704,0.16827475,0.020048276,0.5091839,0.0,-0.24211624,0.07265069,0.2592724,0.45143023,-0.41602015,0.79933983,0.35095125,-0.4155325,0.2566546,0.7836053
2.7763038,1.215186,0.6709742,0.27961862,-0.08619045,-0.9090828,-0.2965689,-0.93890667,-0.15231316,-0.063087314,0.6431225,0.0,-0.27625778,-0.9209822,0.17964514,0.037892368,0.6156273,0.0,-0.28852767,0.07047956,0.23444286,0.44510132,-0.45933396,0.82999325,0.3545897,-0.44243777,0.24369733,0.72929233
2.7732785,1.216739,0.6587254,0.29779005,-0.09492047,-0.9023435,-0.29679528,-1.0269303,-0.16635075,-0.056658212,0.74188703,0.0,-0.32534754,-1.0181013,0.18719962,0.046566863,0.72691965,0.0,-0.34140682,0.053723253,0.21434462,0.44683862,-0.4994375,0.85725313,0.34894946,-0.46759236,0.24301958,0.6707225
2.7683287,1.2195156,0.64431393,0.3107082,-0.10214202,-0.8978968,-0.29463312,-1.1033136,-0.1800757,-0.048619784,0.85084933,0.0,-0.38091412,-1.1041912,0.18759993,0.046786763,0.8499657,0.0,-0.40593782,0.029818725,0.19375521,0.45189425,-0.5344335,0.87973166,0.3371129,-0.49247196,0.24235296,0.6184329
2.7613087,1.2237341,0.62801766,0.3171141,-0.10846988,-0.89556324,-0.29264215,-1.1630332,-0.19051757,-0.034885764,0.9677523,0.0,-0.44369277,-1.1741971,0.18038172,0.044770062,0.980473,0.0,-0.4811832,0.005793588,0.16482978,0.45091203,-0.5867323,0.9109632,0.32195753,-0.515602,0.2479406,0.5777703
2.751673,1.2293236,0.61081535,0.316682,-0.11402762,-0.89476746,-0.29343045,-1.1996512,-0.19334342,-0.0116021335,1.0850365,0.0,-0.51245797,-1.2249409,0.16785412,0.047187198,1.1137111,0.0,-0.55627483,-0.0033727053,0.11613604,0.4360684,-0.63900954,0.9581084,0.30586714,-0.5361416,0.24917264,0.54560953
2.7398784,1.2363424,0.5942319,0.3103176,-0.11841229,-0.8960869,-0.29446536,-1.2129396,-0.19134125,0.014256571,1.196114,0.0,-0.5719674,-1.2548876,0.14811403,0.05056452,1.2426986,0.0,-0.61991596,-0.011092895,0.05136788,0.41609314,-0.72048813,1.0028589,0.28713506,-0.557834,0.24798246,0.51099014
2.72608,1.2445078,0.57953036,0.30070356,-0.123042695,-0.89883965,-0.2941515,-1.205781,-0.1901786,0.040316556,1.2917364,0.0,-0.6135693,-1.2663616,0.12100689,0.057823498,1.3577718,0.0,-0.6720125,-0.023893142,-0.025271587,0.39583698,-0.7980792,1.0200207,0.2562928,-0.5714691,0.23905206,0.46592313
2.7116914,1.2530631,0.5685952,0.2900331,-0.12639229,-0.9027519,-0.2914529,-1.1809703,-0.19110903,0.05936767,1.3606662,0.0,-0.6372581,-1.2587701,0.091411,0.06626551,1.4469553,0.0,-0.7042201,-0.037549786,-0.105946414,0.40238696,-0.81382877,0.97916853,0.20781319,-0.58246225,0.19467124,0.39017278
2.6956606,1.261374,0.5592921,0.2775535,-0.12930621,-0.9091112,-0.28241956,-1.142525,-0.20285189,0.07052468,1.4148538,0.0,-0.6464367,-1.2356933,0.05083648,0.0744479,1.5246948,0.0,-0.73601526,-0.06931606,-0.14480098,0.46985406,-0.6666413,0.80022454,0.16758725,-0.5764264,0.10693908,0.25889674
2.6800992,1.26811,0.5594027,0.2701298,-0.1109777,-0.9158333,-0.2756142,-1.0893668,-0.19189547,0.030129246,1.4253737,0.0,-0.66332114,-1.148673,0.03836174,0.03213493,1.507567,0.0,-0.7572429,-0.07426821,-0.051898375,0.59502524,-0.2827582,0.39969712,0.103837684,-0.5204299,-0.015101842,0.051189285
2.667039,1.2792226,0.5698471,0.25660342,-0.090779096,-0.92035866,-0.2808092,-0.98943466,-0.15163377,0.003030454,1.3720322,0.0,-0.6853769,-1.0053636,0.0503652,-0.0132861575,1.4044747,0.0,-0.77826434,-0.038081013,-0.06148479,0.59375226,-0.006492948,0.07634665,0.009208454,-0.48747605,-0.12692583,-0.1196832
2.6474924,1.2970169,0.5924455,0.22938482,-0.07577565,-0.9255037,-0.29169104,-0.8014576,-0.10409519,0.020784132,1.2242103,0.0,-0.6723159,-0.8137504,0.058738053,-0.034127556,1.2517298,0.0,-0.7217157,0.0068791513,-0.048602358,0.565724,0.20284781,-0.16729814,-0.0061282543,-0.4936324,-0.27714372,-0.27586216
2.6201606,1.3193436,0.6275726,0.19380304,-0.06441252,-0.92966557,-0.3066159,-0.5892079,-0.07299849,0.06453187,1.0447625,0.0,-0.45692366,-0.6030856,0.062361553,-0.025697602,1.0647365,0.0,-0.52666795,0.03588691,-0.012053969,0.5253899,0.3318841,-0.30905524,0.010794301,-0.48188376,-0.40429834,-0.3479844
2.5879028,1.342073,0.66790396,0.16192766,-0.052406784,-0.93401206,-0.31409302,-0.42353266,-0.060404588,0.08565271,0.90133387,0.0,-0.11529466,-0.43901196,0.05971184,-0.012309322,0.9236791,0.0,-0.19640161,0.04094665,0.030202515,0.554171,0.40458393,-0.34808964,0.03796992,-0.47002223,-0.49077645,-0.34822413
2.5538306,1.367031,0.71141833,0.1379635,-0.045320548,-0.936362,-0.31959072,-0.35042903,-0.04091142,0.11152993,0.8732838,0.0,0.14695276,-0.34733889,0.05867291,0.040248007,0.86027056,0.0,0.067937315,0.03846314,0.097684644,0.6012217,0.45198554,-0.34447938,0.063619874,-0.47849503,-0.55068845,-0.32296908
2.5194833,1.3917538,0.7512219,0.12338269,-0.04165367,-0.9394474,-0.3169861,-0.35343197,-0.048520118,0.0736689,0.9033431,0.0,0.30881122,-0.32222605,0.053522367,0.06939393,0.86724496,0.0,0.21710862,0.0141639225,0.1717462,0.63514173,0.48222592,-0.30623794,0.09246191,-0.49941954,-0.5927211,-0.27860856
2.4862397,1.4136361,0.7835227,0.1170829,-0.04413627,-0.94027746,-0.31657845,-0.3896516,-0.07717774,0.02897711,0.9185016,0.0,0.2351758,-0.34418958,0.053623058,0.096950315,0.8966406,0.0,0.13277778,-0.0065597766,0.25522473,0.65713525,0.4986112,-0.234625,0.12302723,-0.5421342,-0.62523264,-0.22268206
2.4538558,1.4351677,0.8047498,0.11576643,-0.044039547,-0.9406018,-0.31611207,-0.44295573,-0.085162066,0.018679451,0.9186332,0.0,0.17512071,-0.3927333,0.03280373,0.04547208,0.9265887,0.0,0.055257626,-0.02017279,0.33315888,0.66171265,0.4966723,-0.15324648,0.174694,-0.5880778,-0.6422959,-0.15117462
2.4239836,1.4562105,0.81464964,0.12178748,-0.045802206,-0.9393154,-0.31742188,-0.50942045,-0.0804181,0.04357792,0.87322426,0.0,0.20226078,-0.45641354,0.017573932,-0.0223065,0.9100403,0.0,0.04387394,-0.022675708,0.39970887,0.66771394,0.48810643,-0.060065184,0.23511581,-0.63500434,-0.6525795,-0.07170825
2.3934774,1.4778649,0.8161472,0.1314876,-0.04744244,-0.9361482,-0.3226248,-0.566277,-0.07766715,0.061503686,0.78396267,0.0,0.24315985,-0.51893884,0.027705977,-0.050198827,0.8463203,0.0,0.037169844,-0.014709051,0.46742526,0.6563098,0.4754605,0.033389248,0.3002449,-0.66382957,-0.63790023,0.015203737
2.3624258,1.5003675,0.81070894,0.14475814,-0.049556624,-0.9312765,-0.33062565,-0.6199457,-0.09578635,0.034332205,0.66539574,0.0,0.22762722,-0.5799953,0.06444578,-0.041744485,0.74533075,0.0,-0.0003765206,-0.0015385015,0.53510445,0.6235555,0.4637577,0.102842025,0.3637966,-0.67230326,-0.6113046,0.0984996
2.33003,1.5239928,0.79710317,0.15882155,-0.05349911,-0.92546433,-0.33974892,-0.6724357,-0.11296058,-0.00982997,0.54472554,0.0,0.19828242,-0.63914305,0.11342197,0.012062751,0.63266695,0.0,-0.025527967,0.009310878,0.6070814,0.5624891,0.4622182,0.15687248,0.43111095,-0.66714936,-0.5822445,0.15677929
2.2961109,1.5481055,0.77599984,0.17332298,-0.05625306,-0.9213497,-0.34337956,-0.7329082,-0.12292146,-0.045516424,0.45962483,0.0,0.20236498,-0.69464546,0.15283373,0.050345816,0.5347274,0.0,-0.035943713,0.00866933,0.66948444,0.48654044,0.45906284,0.1867604,0.49812567,-0.6393703,-0.55806935,0.18611169
2.261935,1.5717218,0.7503135,0.18504311,-0.057335507,-0.91898286,-0.3434272,-0.7924475,-0.12474908,-0.032470364,0.4332451,0.0,0.2080984,-0.7445863,0.1792236,0.074248545,0.48072624,0.0,-0.03980538,0.0074155047,0.7112856,0.41234472,0.43222573,0.19970854,0.57254666,-0.5872541,-0.5333459,0.19436789
2.227722,1.5949124,0.71807384,0.1905091,-0.05317981,-0.91813827,-0.34336612,-0.86290574,-0.12552418,-0.024947828,0.51347196,0.0,0.20119534,-0.7969816,0.20201337,0.058616307,0.5242871,0.0,-0.057926923,0.009747665,0.7080895,0.3825887,0.37037143,0.2378723,0.6334747,-0.51515555,-0.5006661,0.18378492
2.1971765,1.616801,0.68302095,0.18709916,-0.051056884,-0.9200871,-0.3403334,-0.9312066,-0.13409576,0.023512397,0.7259119,0.0,0.062321823,-0.8445641,0.19811931,0.028913522,0.66191924,0.0,-0.11445679,-0.0066985465,0.6572997,0.37177265,0.2810139,0.32982755,0.64180046,-0.46495402,-0.44106215,0.17101306
2.170633,1.6385279,0.64533836,0.17611182,-0.046953153,-0.92498106,-0.33345175,-0.956322,-0.106724866,0.086339384,0.9875619,0.0,-0.26619402,-0.8857715,0.18378027,0.007698758,0.93050057,0.0,-0.38415432,-0.03199401,0.5598953,0.38423663,0.22134306,0.40843484,0.59223044,-0.42387196,-0.38184264,0.17095265
